,filename,quality,background,nstars,datetime
0,IMG_0007,232.59,0.0258,31,2021-12-09 22:21:12
1,IMG_0008,242.67,0.0257,33,2021-12-09 22:21:15
2,IMG_0009,264.25,0.0257,35,2021-12-09 22:21:18
3,IMG_0010,248.34,0.0257,33,2021-12-09 22:21:21
4,IMG_0011,260.80,0.0257,35,2021-12-09 22:21:24
5,IMG_0012,242.27,0.0257,32,2021-12-09 22:21:27
6,IMG_0013,257.08,0.0257,34,2021-12-09 22:21:30
7,IMG_0014,263.98,0.0257,35,2021-12-09 22:21:33
8,IMG_0016,240.15,0.0257,32,2021-12-09 22:21:39
9,IMG_0017,252.72,0.0257,34,2021-12-09 22:21:42
10,IMG_0018,237.98,0.0257,32,2021-12-09 22:21:45
11,IMG_0019,259.74,0.0257,35,2021-12-09 22:21:48
12,IMG_0020,237.04,0.0257,32,2021-12-09 22:21:51
13,IMG_0021,252.77,0.0263,33,2021-12-09 22:22:52
14,IMG_0022,240.84,0.0262,32,2021-12-09 22:22:55
15,IMG_0023,239.28,0.0263,31,2021-12-09 22:22:58
16,IMG_0025,248.36,0.0263,33,2021-12-09 22:23:04
17,IMG_0026,242.27,0.0263,32,2021-12-09 22:23:07
18,IMG_0027,232.67,0.0263,31,2021-12-09 22:23:10
19,IMG_0028,230.66,0.0264,31,2021-12-09 22:23:13
20,IMG_0029,218.35,0.0263,29,2021-12-09 22:23:16
21,IMG_0030,238.05,0.0264,32,2021-12-09 22:23:19
22,IMG_0031,240.48,0.0263,32,2021-12-09 22:23:22
23,IMG_0032,217.30,0.0264,29,2021-12-09 22:23:25
24,IMG_0034,244.51,0.0265,33,2021-12-09 22:23:31
25,IMG_0035,270.39,0.0264,36,2021-12-09 22:23:34
26,IMG_0036,248.45,0.0264,33,2021-12-09 22:23:37
27,IMG_0037,256.98,0.0264,34,2021-12-09 22:23:40
28,IMG_0038,257.99,0.0264,34,2021-12-09 22:23:43
29,IMG_0039,259.61,0.0264,35,2021-12-09 22:23:46
30,IMG_0040,245.70,0.0264,33,2021-12-09 22:23:49
31,IMG_0041,253.63,0.0264,34,2021-12-09 22:23:52
32,IMG_0043,241.13,0.0264,32,2021-12-09 22:23:58
33,IMG_0044,257.46,0.0264,34,2021-12-09 22:24:01
34,IMG_0045,264.51,0.0264,35,2021-12-09 22:24:04
35,IMG_0046,264.18,0.0264,36,2021-12-09 22:24:07
36,IMG_0047,239.08,0.0264,33,2021-12-09 22:24:10
37,IMG_0048,245.28,0.0264,33,2021-12-09 22:24:13
38,IMG_0049,251.98,0.0264,34,2021-12-09 22:24:16
39,IMG_0050,243.07,0.0265,33,2021-12-09 22:24:19
40,IMG_0052,251.01,0.0264,33,2021-12-09 22:24:25
41,IMG_0053,259.56,0.0264,35,2021-12-09 22:24:28
42,IMG_0054,255.58,0.0264,35,2021-12-09 22:24:31
43,IMG_0055,271.04,0.0264,36,2021-12-09 22:24:34
44,IMG_0056,246.25,0.0264,33,2021-12-09 22:24:37
45,IMG_0057,237.50,0.0264,32,2021-12-09 22:24:40
46,IMG_0058,241.85,0.0264,32,2021-12-09 22:24:43
47,IMG_0059,242.35,0.0264,32,2021-12-09 22:24:46
48,IMG_0061,257.67,0.0264,34,2021-12-09 22:24:52
49,IMG_0062,195.72,0.0264,26,2021-12-09 22:24:55
50,IMG_0063,237.88,0.0264,31,2021-12-09 22:24:58
51,IMG_0064,231.80,0.0264,31,2021-12-09 22:25:01
52,IMG_0065,246.31,0.0264,33,2021-12-09 22:25:04
53,IMG_0066,242.29,0.0263,31,2021-12-09 22:25:07
54,IMG_0067,248.72,0.0264,33,2021-12-09 22:25:10
55,IMG_0068,235.77,0.0264,31,2021-12-09 22:25:13
56,IMG_0070,253.24,0.0264,34,2021-12-09 22:25:19
57,IMG_0071,235.96,0.0263,31,2021-12-09 22:25:22
58,IMG_0072,255.27,0.0264,34,2021-12-09 22:25:25
59,IMG_0073,223.57,0.0264,30,2021-12-09 22:25:28
60,IMG_0074,252.89,0.0263,33,2021-12-09 22:25:31
61,IMG_0075,240.74,0.0263,32,2021-12-09 22:25:34
62,IMG_0076,263.95,0.0263,35,2021-12-09 22:25:37
63,IMG_0077,249.11,0.0263,33,2021-12-09 22:25:40
64,IMG_0079,240.48,0.0263,32,2021-12-09 22:25:46
65,IMG_0080,220.76,0.0263,29,2021-12-09 22:25:49
66,IMG_0081,225.61,0.0272,30,2021-12-09 22:26:21
67,IMG_0082,229.66,0.0272,31,2021-12-09 22:26:24
68,IMG_0083,255.60,0.0271,34,2021-12-09 22:26:27
69,IMG_0084,230.57,0.0271,31,2021-12-09 22:26:30
70,IMG_0085,241.83,0.0271,32,2021-12-09 22:26:33
71,IMG_0086,232.00,0.0272,31,2021-12-09 22:26:36
72,IMG_0088,239.54,0.0272,32,2021-12-09 22:26:42
73,IMG_0089,233.88,0.0272,31,2021-12-09 22:26:45
74,IMG_0090,233.25,0.0272,31,2021-12-09 22:26:48
75,IMG_0091,229.58,0.0272,31,2021-12-09 22:26:51
76,IMG_0092,240.66,0.0273,32,2021-12-09 22:26:54
77,IMG_0093,243.29,0.0273,33,2021-12-09 22:26:57
78,IMG_0094,243.69,0.0273,32,2021-12-09 22:27:00
79,IMG_0095,236.52,0.0272,31,2021-12-09 22:27:03
80,IMG_0097,235.47,0.0272,32,2021-12-09 22:27:09
81,IMG_0098,244.86,0.0272,33,2021-12-09 22:27:12
82,IMG_0099,223.62,0.0273,30,2021-12-09 22:27:15
83,IMG_0100,230.67,0.0273,31,2021-12-09 22:27:18
84,IMG_0101,219.80,0.0272,29,2021-12-09 22:27:21
85,IMG_0102,239.52,0.0272,32,2021-12-09 22:27:24
86,IMG_0104,219.73,0.0271,29,2021-12-09 22:27:30
87,IMG_0105,230.65,0.0272,31,2021-12-09 22:27:33
88,IMG_0106,225.47,0.0272,30,2021-12-09 22:27:36
89,IMG_0107,247.57,0.0272,33,2021-12-09 22:27:39
90,IMG_0108,237.14,0.0272,31,2021-12-09 22:27:42
91,IMG_0109,242.45,0.0272,33,2021-12-09 22:27:45
92,IMG_0110,220.47,0.0272,30,2021-12-09 22:27:48
93,IMG_0111,233.72,0.0272,31,2021-12-09 22:27:51
94,IMG_0113,234.65,0.0271,31,2021-12-09 22:27:57
95,IMG_0114,221.50,0.0271,30,2021-12-09 22:28:00
96,IMG_0115,226.98,0.0271,30,2021-12-09 22:28:03
97,IMG_0116,246.32,0.0271,33,2021-12-09 22:28:06
98,IMG_0117,235.94,0.0272,31,2021-12-09 22:28:09
99,IMG_0118,226.23,0.0273,30,2021-12-09 22:28:12
100,IMG_0119,227.29,0.0273,30,2021-12-09 22:28:15
101,IMG_0120,221.67,0.0273,30,2021-12-09 22:28:18
102,IMG_0122,222.28,0.0273,29,2021-12-09 22:28:24
103,IMG_0123,237.37,0.0273,32,2021-12-09 22:28:27
104,IMG_0124,254.35,0.0272,34,2021-12-09 22:28:30
105,IMG_0125,237.41,0.0272,32,2021-12-09 22:28:33
106,IMG_0126,230.64,0.0272,31,2021-12-09 22:28:36
107,IMG_0127,215.50,0.0272,29,2021-12-09 22:28:39
108,IMG_0128,253.05,0.0272,34,2021-12-09 22:28:42
109,IMG_0129,212.37,0.0272,28,2021-12-09 22:28:45
110,IMG_0131,251.74,0.0272,34,2021-12-09 22:28:51
111,IMG_0132,228.46,0.0272,31,2021-12-09 22:28:54
112,IMG_0133,231.15,0.0272,31,2021-12-09 22:28:57
113,IMG_0134,241.90,0.0272,32,2021-12-09 22:29:00
114,IMG_0135,260.18,0.0272,35,2021-12-09 22:29:03
115,IMG_0136,231.55,0.0272,31,2021-12-09 22:29:06
116,IMG_0137,228.54,0.0272,30,2021-12-09 22:29:09
117,IMG_0138,244.08,0.0272,32,2021-12-09 22:29:12
118,IMG_0140,240.24,0.0272,32,2021-12-09 22:29:18
119,IMG_0141,229.43,0.0273,31,2021-12-09 22:30:12
120,IMG_0142,247.86,0.0272,33,2021-12-09 22:30:15
121,IMG_0143,231.54,0.0272,31,2021-12-09 22:30:18
122,IMG_0144,236.70,0.0272,32,2021-12-09 22:30:21
123,IMG_0145,239.09,0.0272,32,2021-12-09 22:30:24
124,IMG_0146,245.03,0.0271,33,2021-12-09 22:30:27
125,IMG_0147,223.20,0.0272,30,2021-12-09 22:30:30
126,IMG_0149,257.13,0.0272,34,2021-12-09 22:30:36
127,IMG_0150,249.93,0.0272,34,2021-12-09 22:30:39
128,IMG_0151,229.56,0.0272,31,2021-12-09 22:30:42
129,IMG_0152,248.71,0.0272,33,2021-12-09 22:30:45
130,IMG_0153,231.10,0.0272,31,2021-12-09 22:30:48
131,IMG_0154,232.07,0.0272,31,2021-12-09 22:30:51
132,IMG_0155,206.40,0.0273,28,2021-12-09 22:30:54
133,IMG_0156,230.23,0.0273,31,2021-12-09 22:30:57
134,IMG_0158,254.19,0.0273,34,2021-12-09 22:31:03
135,IMG_0159,263.97,0.0272,35,2021-12-09 22:31:06
136,IMG_0160,231.16,0.0272,31,2021-12-09 22:31:09
137,IMG_0161,240.92,0.0272,32,2021-12-09 22:31:12
138,IMG_0162,240.12,0.0272,32,2021-12-09 22:31:15
139,IMG_0163,208.52,0.0273,28,2021-12-09 22:31:18
140,IMG_0164,249.43,0.0272,34,2021-12-09 22:31:21
141,IMG_0165,236.60,0.0272,32,2021-12-09 22:31:24
142,IMG_0167,254.14,0.0273,34,2021-12-09 22:31:30
143,IMG_0168,245.79,0.0272,33,2021-12-09 22:31:33
144,IMG_0169,242.83,0.0272,33,2021-12-09 22:31:36
145,IMG_0170,242.59,0.0273,33,2021-12-09 22:31:39
146,IMG_0171,244.75,0.0272,33,2021-12-09 22:31:42
147,IMG_0172,269.32,0.0272,36,2021-12-09 22:31:45
148,IMG_0173,229.17,0.0272,31,2021-12-09 22:31:48
149,IMG_0174,217.25,0.0272,29,2021-12-09 22:31:51
150,IMG_0176,227.00,0.0273,30,2021-12-09 22:31:57
151,IMG_0177,228.23,0.0272,30,2021-12-09 22:32:00
152,IMG_0178,252.19,0.0273,34,2021-12-09 22:32:03
153,IMG_0179,238.39,0.0273,32,2021-12-09 22:32:06
154,IMG_0180,258.46,0.0273,35,2021-12-09 22:32:09
155,IMG_0181,238.18,0.0273,32,2021-12-09 22:32:12
156,IMG_0182,252.10,0.0273,34,2021-12-09 22:32:15
157,IMG_0183,238.68,0.0273,32,2021-12-09 22:32:18
158,IMG_0185,251.42,0.0273,34,2021-12-09 22:32:24
159,IMG_0186,237.87,0.0273,32,2021-12-09 22:32:27
160,IMG_0187,239.67,0.0273,32,2021-12-09 22:32:30
161,IMG_0188,245.04,0.0273,33,2021-12-09 22:32:33
162,IMG_0189,229.51,0.0273,31,2021-12-09 22:32:36
163,IMG_0190,216.39,0.0273,29,2021-12-09 22:32:39
164,IMG_0191,267.65,0.0273,36,2021-12-09 22:32:42
165,IMG_0192,223.31,0.0273,30,2021-12-09 22:32:45
166,IMG_0194,210.45,0.0273,28,2021-12-09 22:32:51
167,IMG_0195,228.98,0.0273,31,2021-12-09 22:32:54
168,IMG_0196,251.81,0.0273,34,2021-12-09 22:32:57
169,IMG_0197,263.32,0.0274,36,2021-12-09 22:33:00
170,IMG_0198,255.17,0.0274,34,2021-12-09 22:33:03
171,IMG_0199,245.65,0.0275,33,2021-12-09 22:33:06
172,IMG_0201,251.99,0.0284,34,2021-12-09 22:34:27
173,IMG_0202,204.69,0.0284,28,2021-12-09 22:34:30
174,IMG_0203,269.52,0.0284,36,2021-12-09 22:34:33
175,IMG_0204,239.73,0.0284,32,2021-12-09 22:34:36
176,IMG_0205,236.11,0.0284,32,2021-12-09 22:34:39
177,IMG_0206,228.58,0.0284,30,2021-12-09 22:34:42
178,IMG_0207,248.04,0.0284,33,2021-12-09 22:34:45
179,IMG_0208,236.07,0.0284,32,2021-12-09 22:34:48
180,IMG_0210,196.15,0.0285,26,2021-12-09 22:34:54
181,IMG_0211,196.38,0.0284,26,2021-12-09 22:34:57
182,IMG_0212,224.95,0.0284,30,2021-12-09 22:35:00
183,IMG_0213,212.40,0.0284,28,2021-12-09 22:35:03
184,IMG_0214,211.35,0.0284,28,2021-12-09 22:35:06
185,IMG_0215,215.09,0.0284,29,2021-12-09 22:35:09
186,IMG_0216,232.96,0.0284,31,2021-12-09 22:35:12
187,IMG_0217,232.08,0.0284,31,2021-12-09 22:35:15
188,IMG_0219,241.01,0.0284,32,2021-12-09 22:35:21
189,IMG_0220,224.33,0.0284,30,2021-12-09 22:35:24
190,IMG_0221,214.94,0.0284,29,2021-12-09 22:35:27
191,IMG_0222,246.62,0.0283,33,2021-12-09 22:35:30
192,IMG_0223,208.52,0.0283,28,2021-12-09 22:35:33
193,IMG_0224,234.15,0.0283,31,2021-12-09 22:35:36
194,IMG_0225,223.85,0.0283,30,2021-12-09 22:35:39
195,IMG_0226,226.44,0.0283,30,2021-12-09 22:35:42
196,IMG_0078,247.82,0.0263,33,2021-12-09 22:25:43
197,IMG_0087,262.67,0.0271,35,2021-12-09 22:26:39
198,IMG_0096,223.81,0.0273,30,2021-12-09 22:27:06
199,IMG_0103,246.06,0.0272,33,2021-12-09 22:27:27
200,IMG_0112,231.57,0.0271,31,2021-12-09 22:27:54
201,IMG_0121,229.80,0.0273,30,2021-12-09 22:28:21
202,IMG_0130,223.16,0.0272,30,2021-12-09 22:28:48
203,IMG_0139,232.38,0.0272,31,2021-12-09 22:29:15
204,IMG_0148,227.95,0.0272,30,2021-12-09 22:30:33
205,IMG_0157,216.87,0.0273,29,2021-12-09 22:31:00
206,IMG_0166,216.59,0.0272,29,2021-12-09 22:31:27
207,IMG_0175,246.36,0.0272,33,2021-12-09 22:31:54
208,IMG_0184,250.77,0.0273,34,2021-12-09 22:32:21
209,IMG_0193,259.84,0.0274,35,2021-12-09 22:32:48
210,IMG_0200,250.68,0.0274,33,2021-12-09 22:33:09
211,IMG_0209,217.62,0.0284,29,2021-12-09 22:34:51
212,IMG_0228,221.15,0.0283,30,2021-12-09 22:35:48
213,IMG_0229,239.03,0.0283,32,2021-12-09 22:35:51
214,IMG_0230,260.49,0.0283,35,2021-12-09 22:35:54
215,IMG_0231,206.05,0.0282,28,2021-12-09 22:35:57
216,IMG_0232,236.00,0.0283,32,2021-12-09 22:36:00
217,IMG_0233,236.12,0.0283,32,2021-12-09 22:36:03
218,IMG_0234,226.26,0.0283,31,2021-12-09 22:36:06
219,IMG_0235,242.26,0.0283,32,2021-12-09 22:36:09
220,IMG_0237,249.29,0.0283,33,2021-12-09 22:36:15
221,IMG_0238,232.00,0.0283,31,2021-12-09 22:36:18
222,IMG_0239,210.02,0.0283,28,2021-12-09 22:36:21
223,IMG_0240,246.08,0.0283,33,2021-12-09 22:36:24
224,IMG_0241,226.40,0.0282,30,2021-12-09 22:36:27
225,IMG_0242,246.20,0.0282,33,2021-12-09 22:36:30
226,IMG_0243,231.04,0.0282,31,2021-12-09 22:36:33
227,IMG_0244,207.02,0.0282,27,2021-12-09 22:36:36
228,IMG_0246,210.04,0.0282,28,2021-12-09 22:36:42
229,IMG_0247,228.72,0.0282,31,2021-12-09 22:36:45
230,IMG_0248,229.77,0.0282,31,2021-12-09 22:36:48
231,IMG_0249,227.80,0.0282,30,2021-12-09 22:36:51
232,IMG_0250,231.59,0.0282,31,2021-12-09 22:36:54
233,IMG_0251,235.47,0.0282,32,2021-12-09 22:36:57
234,IMG_0252,231.97,0.0282,31,2021-12-09 22:37:00
235,IMG_0253,228.58,0.0282,30,2021-12-09 22:37:03
236,IMG_0255,253.69,0.0282,34,2021-12-09 22:37:09
237,IMG_0256,209.64,0.0282,28,2021-12-09 22:37:12
238,IMG_0257,237.17,0.0281,32,2021-12-09 22:37:15
239,IMG_0258,244.56,0.0281,33,2021-12-09 22:37:18
240,IMG_0259,225.57,0.0281,30,2021-12-09 22:37:21
241,IMG_0260,230.23,0.0281,31,2021-12-09 22:37:24
242,IMG_0261,224.73,0.0293,30,2021-12-09 22:39:09
243,IMG_0262,173.54,0.0293,24,2021-12-09 22:39:13
244,IMG_0264,205.05,0.0293,28,2021-12-09 22:39:19
245,IMG_0265,212.94,0.0294,28,2021-12-09 22:39:22
246,IMG_0266,206.49,0.0293,28,2021-12-09 22:39:25
247,IMG_0267,236.33,0.0293,31,2021-12-09 22:39:28
248,IMG_0268,219.45,0.0293,29,2021-12-09 22:39:31
249,IMG_0269,209.33,0.0293,28,2021-12-09 22:39:34
250,IMG_0270,201.96,0.0293,27,2021-12-09 22:39:37
251,IMG_0271,215.83,0.0293,29,2021-12-09 22:39:40
252,IMG_0273,227.87,0.0293,30,2021-12-09 22:39:46
253,IMG_0274,222.83,0.0293,30,2021-12-09 22:39:49
254,IMG_0275,243.51,0.0293,33,2021-12-09 22:39:52
255,IMG_0276,219.83,0.0292,29,2021-12-09 22:39:55
256,IMG_0277,201.30,0.0292,27,2021-12-09 22:39:58
257,IMG_0278,217.66,0.0293,30,2021-12-09 22:40:01
258,IMG_0279,236.88,0.0292,32,2021-12-09 22:40:04
259,IMG_0280,199.09,0.0292,27,2021-12-09 22:40:07
260,IMG_0282,231.40,0.0292,31,2021-12-09 22:40:13
261,IMG_0283,199.67,0.0292,27,2021-12-09 22:40:16
262,IMG_0284,235.43,0.0293,31,2021-12-09 22:40:19
263,IMG_0285,210.14,0.0292,28,2021-12-09 22:40:22
264,IMG_0286,227.60,0.0293,30,2021-12-09 22:40:25
265,IMG_0287,215.74,0.0292,29,2021-12-09 22:40:28
266,IMG_0288,225.50,0.0292,30,2021-12-09 22:40:31
267,IMG_0289,226.43,0.0292,30,2021-12-09 22:40:34
268,IMG_0291,232.81,0.0292,31,2021-12-09 22:40:40
269,IMG_0292,238.53,0.0292,32,2021-12-09 22:40:43
270,IMG_0293,212.32,0.0292,28,2021-12-09 22:40:46
271,IMG_0294,217.83,0.0293,29,2021-12-09 22:40:49
272,IMG_0295,223.60,0.0293,30,2021-12-09 22:40:52
273,IMG_0296,217.48,0.0293,29,2021-12-09 22:40:55
274,IMG_0297,212.20,0.0293,28,2021-12-09 22:40:58
275,IMG_0298,216.88,0.0292,29,2021-12-09 22:41:01
276,IMG_0300,218.70,0.0293,29,2021-12-09 22:41:07
277,IMG_0301,220.44,0.0293,30,2021-12-09 22:41:10
278,IMG_0302,215.94,0.0293,29,2021-12-09 22:41:13
279,IMG_0303,211.45,0.0292,29,2021-12-09 22:41:16
280,IMG_0304,241.19,0.0292,32,2021-12-09 22:41:19
281,IMG_0305,220.21,0.0293,29,2021-12-09 22:41:22
282,IMG_0307,216.16,0.0292,29,2021-12-09 22:41:28
283,IMG_0308,226.07,0.0293,30,2021-12-09 22:41:31
284,IMG_0309,244.94,0.0293,33,2021-12-09 22:41:34
285,IMG_0310,212.58,0.0293,29,2021-12-09 22:41:37
286,IMG_0311,226.44,0.0293,30,2021-12-09 22:41:40
287,IMG_0312,217.97,0.0292,29,2021-12-09 22:41:43
288,IMG_0313,209.99,0.0293,28,2021-12-09 22:41:46
289,IMG_0314,227.39,0.0293,30,2021-12-09 22:41:49
290,IMG_0316,219.72,0.0293,30,2021-12-09 22:41:55
291,IMG_0317,201.98,0.0292,26,2021-12-09 22:41:58
292,IMG_0318,232.53,0.0293,31,2021-12-09 22:42:01
293,IMG_0319,224.15,0.0293,30,2021-12-09 22:42:04
294,IMG_0320,255.32,0.0293,34,2021-12-09 22:42:07
295,IMG_0321,247.32,0.0293,33,2021-12-09 22:42:10
296,IMG_0322,228.81,0.0303,30,2021-12-09 22:42:46
297,IMG_0324,202.96,0.0303,27,2021-12-09 22:42:52
298,IMG_0326,211.42,0.0303,28,2021-12-09 22:42:58
299,IMG_0327,219.06,0.0303,30,2021-12-09 22:43:01
300,IMG_0328,219.23,0.0303,29,2021-12-09 22:43:04
301,IMG_0329,214.35,0.0303,28,2021-12-09 22:43:07
302,IMG_0330,234.42,0.0303,32,2021-12-09 22:43:10
303,IMG_0331,226.02,0.0303,30,2021-12-09 22:43:13
304,IMG_0332,225.07,0.0302,30,2021-12-09 22:43:16
305,IMG_0333,211.63,0.0302,28,2021-12-09 22:43:19
306,IMG_0335,215.29,0.0302,29,2021-12-09 22:43:25
307,IMG_0336,221.18,0.0302,30,2021-12-09 22:43:28
308,IMG_0337,211.64,0.0302,28,2021-12-09 22:43:31
309,IMG_0338,226.06,0.0302,30,2021-12-09 22:43:34
310,IMG_0339,206.39,0.0302,27,2021-12-09 22:43:37
311,IMG_0340,213.45,0.0302,28,2021-12-09 22:43:40
312,IMG_0341,203.29,0.0302,27,2021-12-09 22:43:43
313,IMG_0342,218.41,0.0302,29,2021-12-09 22:43:46
314,IMG_0344,233.63,0.0302,31,2021-12-09 22:43:52
315,IMG_0345,223.98,0.0302,30,2021-12-09 22:43:55
316,IMG_0346,199.01,0.0302,27,2021-12-09 22:43:58
317,IMG_0347,230.73,0.0301,31,2021-12-09 22:44:01
318,IMG_0348,212.60,0.0302,29,2021-12-09 22:44:04
319,IMG_0349,209.37,0.0302,28,2021-12-09 22:44:07
320,IMG_0350,192.58,0.0302,26,2021-12-09 22:44:10
321,IMG_0351,208.90,0.0301,28,2021-12-09 22:44:13
322,IMG_0353,203.65,0.0301,27,2021-12-09 22:44:19
323,IMG_0354,190.19,0.0301,26,2021-12-09 22:44:22
324,IMG_0355,214.97,0.0302,29,2021-12-09 22:44:25
325,IMG_0356,204.22,0.0301,27,2021-12-09 22:44:28
326,IMG_0357,198.42,0.0302,27,2021-12-09 22:44:31
327,IMG_0358,218.45,0.0301,29,2021-12-09 22:44:34
328,IMG_0359,214.71,0.0301,29,2021-12-09 22:44:37
329,IMG_0360,215.83,0.0302,29,2021-12-09 22:44:40
330,IMG_0362,208.85,0.0302,28,2021-12-09 22:44:46
331,IMG_0363,201.08,0.0302,27,2021-12-09 22:44:49
332,IMG_0364,217.69,0.0305,29,2021-12-09 22:44:52
333,IMG_0365,210.47,0.0303,28,2021-12-09 22:44:55
334,IMG_0366,232.64,0.0305,31,2021-12-09 22:44:58
335,IMG_0367,197.99,0.0303,27,2021-12-09 22:45:01
336,IMG_0368,224.05,0.0303,30,2021-12-09 22:45:04
337,IMG_0369,235.21,0.0303,31,2021-12-09 22:45:07
338,IMG_0371,193.55,0.0303,26,2021-12-09 22:45:13
339,IMG_0372,237.34,0.0303,32,2021-12-09 22:45:16
340,IMG_0373,226.87,0.0303,30,2021-12-09 22:45:19
341,IMG_0374,220.46,0.0303,29,2021-12-09 22:45:22
342,IMG_0375,216.36,0.0303,29,2021-12-09 22:45:25
343,IMG_0376,215.53,0.0303,29,2021-12-09 22:45:28
344,IMG_0377,217.96,0.0302,29,2021-12-09 22:45:31
345,IMG_0378,212.28,0.0302,28,2021-12-09 22:45:34
346,IMG_0227,223.82,0.0283,30,2021-12-09 22:35:45
347,IMG_0236,228.18,0.0283,31,2021-12-09 22:36:12
348,IMG_0245,214.80,0.0282,29,2021-12-09 22:36:39
349,IMG_0254,244.62,0.0281,33,2021-12-09 22:37:06
350,IMG_0263,232.68,0.0293,31,2021-12-09 22:39:16
351,IMG_0272,202.48,0.0293,27,2021-12-09 22:39:43
352,IMG_0281,213.07,0.0292,29,2021-12-09 22:40:10
353,IMG_0290,218.62,0.0292,29,2021-12-09 22:40:37
354,IMG_0299,220.50,0.0293,30,2021-12-09 22:41:04
355,IMG_0306,221.42,0.0293,30,2021-12-09 22:41:25
356,IMG_0315,238.33,0.0292,32,2021-12-09 22:41:52
357,IMG_0325,224.71,0.0303,30,2021-12-09 22:42:55
358,IMG_0334,212.63,0.0302,28,2021-12-09 22:43:22
359,IMG_0343,211.75,0.0302,28,2021-12-09 22:43:49
360,IMG_0352,218.99,0.0301,29,2021-12-09 22:44:16
361,IMG_0361,210.37,0.0302,28,2021-12-09 22:44:43
362,IMG_0380,224.36,0.0302,30,2021-12-09 22:45:40
363,IMG_0381,198.77,0.0304,27,2021-12-09 22:45:43
364,IMG_0382,220.18,0.0303,30,2021-12-09 22:45:46
365,IMG_0383,178.82,0.0317,24,2021-12-09 22:48:04
366,IMG_0384,197.29,0.0318,26,2021-12-09 22:48:07
367,IMG_0385,215.18,0.0317,29,2021-12-09 22:48:10
368,IMG_0386,199.42,0.0317,27,2021-12-09 22:48:13
369,IMG_0387,188.98,0.0317,25,2021-12-09 22:48:16
370,IMG_0389,194.21,0.0317,26,2021-12-09 22:48:22
371,IMG_0390,186.13,0.0316,25,2021-12-09 22:48:25
372,IMG_0391,210.95,0.0317,28,2021-12-09 22:48:28
373,IMG_0392,186.30,0.0316,25,2021-12-09 22:48:31
374,IMG_0393,212.81,0.0316,28,2021-12-09 22:48:34
375,IMG_0394,200.90,0.0316,26,2021-12-09 22:48:37
376,IMG_0395,199.94,0.0316,27,2021-12-09 22:48:40
377,IMG_0396,189.05,0.0316,25,2021-12-09 22:48:43
378,IMG_0398,215.26,0.0316,29,2021-12-09 22:48:49
379,IMG_0399,215.21,0.0316,29,2021-12-09 22:48:52
380,IMG_0400,190.96,0.0316,26,2021-12-09 22:48:55
381,IMG_0401,205.65,0.0316,27,2021-12-09 22:48:58
382,IMG_0402,201.55,0.0316,27,2021-12-09 22:49:01
383,IMG_0403,236.86,0.0316,31,2021-12-09 22:49:04
384,IMG_0405,205.86,0.0315,28,2021-12-09 22:49:10
385,IMG_0406,200.64,0.0315,27,2021-12-09 22:49:13
386,IMG_0407,210.64,0.0315,28,2021-12-09 22:49:16
387,IMG_0408,198.64,0.0315,27,2021-12-09 22:49:19
388,IMG_0409,216.28,0.0315,29,2021-12-09 22:49:22
389,IMG_0410,202.69,0.0314,27,2021-12-09 22:49:25
390,IMG_0411,208.80,0.0314,28,2021-12-09 22:49:28
391,IMG_0412,215.72,0.0314,29,2021-12-09 22:49:31
392,IMG_0414,223.24,0.0315,30,2021-12-09 22:49:37
393,IMG_0415,190.91,0.0315,26,2021-12-09 22:49:40
394,IMG_0416,208.36,0.0314,28,2021-12-09 22:49:43
395,IMG_0417,214.22,0.0315,28,2021-12-09 22:49:46
396,IMG_0418,178.49,0.0314,24,2021-12-09 22:49:49
397,IMG_0419,198.18,0.0314,27,2021-12-09 22:49:52
398,IMG_0420,183.39,0.0314,25,2021-12-09 22:49:55
399,IMG_0421,200.70,0.0313,27,2021-12-09 22:49:58
400,IMG_0423,208.13,0.0313,28,2021-12-09 22:50:04
401,IMG_0424,165.94,0.0314,22,2021-12-09 22:50:07
402,IMG_0425,191.40,0.0314,25,2021-12-09 22:50:10
403,IMG_0426,208.00,0.0314,28,2021-12-09 22:50:13
404,IMG_0427,193.14,0.0315,26,2021-12-09 22:50:16
405,IMG_0428,194.72,0.0317,26,2021-12-09 22:50:19
406,IMG_0429,173.96,0.0314,24,2021-12-09 22:50:22
407,IMG_0430,195.06,0.0314,26,2021-12-09 22:50:25
408,IMG_0432,186.48,0.0314,25,2021-12-09 22:50:31
409,IMG_0433,196.37,0.0314,26,2021-12-09 22:50:34
410,IMG_0434,200.04,0.0315,27,2021-12-09 22:50:37
411,IMG_0435,208.16,0.0313,28,2021-12-09 22:50:40
412,IMG_0436,187.15,0.0312,25,2021-12-09 22:50:43
413,IMG_0437,195.11,0.0312,26,2021-12-09 22:50:46
414,IMG_0438,203.59,0.0313,27,2021-12-09 22:50:49
415,IMG_0439,201.61,0.0313,27,2021-12-09 22:50:52
416,IMG_0441,196.78,0.0312,27,2021-12-09 22:50:58
417,IMG_0442,183.43,0.0312,25,2021-12-09 22:51:01
418,IMG_0443,184.08,0.0322,25,2021-12-09 22:52:07
419,IMG_0444,208.13,0.0321,28,2021-12-09 22:52:10
420,IMG_0445,197.49,0.0321,26,2021-12-09 22:52:13
421,IMG_0446,200.84,0.0321,27,2021-12-09 22:52:16
422,IMG_0447,187.06,0.0321,25,2021-12-09 22:52:19
423,IMG_0448,201.96,0.0321,27,2021-12-09 22:52:22
424,IMG_0450,202.98,0.0321,27,2021-12-09 22:52:28
425,IMG_0451,194.00,0.0321,26,2021-12-09 22:52:31
426,IMG_0452,225.97,0.0321,30,2021-12-09 22:52:34
427,IMG_0453,217.77,0.0321,29,2021-12-09 22:52:37
428,IMG_0454,201.35,0.0321,27,2021-12-09 22:52:40
429,IMG_0455,170.24,0.0320,23,2021-12-09 22:52:43
430,IMG_0456,191.20,0.0320,26,2021-12-09 22:52:46
431,IMG_0457,188.93,0.0320,25,2021-12-09 22:52:49
432,IMG_0459,198.89,0.0321,27,2021-12-09 22:52:55
433,IMG_0460,199.47,0.0320,27,2021-12-09 22:52:58
434,IMG_0461,213.49,0.0320,29,2021-12-09 22:53:01
435,IMG_0462,198.71,0.0320,26,2021-12-09 22:53:04
436,IMG_0463,180.10,0.0320,24,2021-12-09 22:53:07
437,IMG_0464,166.99,0.0320,22,2021-12-09 22:53:10
438,IMG_0465,188.56,0.0320,25,2021-12-09 22:53:13
439,IMG_0466,190.35,0.0320,25,2021-12-09 22:53:16
440,IMG_0468,162.54,0.0320,22,2021-12-09 22:53:22
441,IMG_0469,168.67,0.0320,23,2021-12-09 22:53:25
442,IMG_0470,177.98,0.0320,24,2021-12-09 22:53:28
443,IMG_0471,192.86,0.0321,26,2021-12-09 22:53:31
444,IMG_0472,178.35,0.0320,24,2021-12-09 22:53:34
445,IMG_0473,179.53,0.0321,24,2021-12-09 22:53:37
446,IMG_0474,177.88,0.0321,24,2021-12-09 22:53:40
447,IMG_0475,213.40,0.0321,29,2021-12-09 22:53:43
448,IMG_0477,183.42,0.0320,25,2021-12-09 22:53:49
449,IMG_0478,198.20,0.0320,27,2021-12-09 22:53:52
450,IMG_0479,180.25,0.0320,24,2021-12-09 22:53:55
451,IMG_0480,176.88,0.0320,24,2021-12-09 22:53:58
452,IMG_0481,207.41,0.0320,28,2021-12-09 22:54:01
453,IMG_0482,185.52,0.0320,25,2021-12-09 22:54:04
454,IMG_0483,186.99,0.0322,25,2021-12-09 22:54:07
455,IMG_0484,199.86,0.0320,27,2021-12-09 22:54:10
456,IMG_0486,179.49,0.0320,24,2021-12-09 22:54:16
457,IMG_0487,184.35,0.0322,25,2021-12-09 22:54:19
458,IMG_0488,225.07,0.0323,30,2021-12-09 22:54:22
459,IMG_0489,211.11,0.0320,28,2021-12-09 22:54:25
460,IMG_0490,191.52,0.0320,26,2021-12-09 22:54:28
461,IMG_0491,194.35,0.0320,26,2021-12-09 22:54:31
462,IMG_0492,204.82,0.0321,27,2021-12-09 22:54:34
463,IMG_0493,193.89,0.0320,26,2021-12-09 22:54:37
464,IMG_0495,196.48,0.0320,27,2021-12-09 22:54:43
465,IMG_0496,210.53,0.0320,29,2021-12-09 22:54:46
466,IMG_0497,208.76,0.0320,28,2021-12-09 22:54:49
467,IMG_0498,206.44,0.0320,29,2021-12-09 22:54:52
468,IMG_0499,212.96,0.0320,29,2021-12-09 22:54:55
469,IMG_0500,196.55,0.0320,27,2021-12-09 22:54:58
470,IMG_0502,213.98,0.0320,29,2021-12-09 22:55:04
471,IMG_0503,174.83,0.0325,23,2021-12-09 22:56:38
472,IMG_0504,194.65,0.0326,26,2021-12-09 22:56:41
473,IMG_0505,180.06,0.0326,25,2021-12-09 22:56:44
474,IMG_0506,181.62,0.0326,24,2021-12-09 22:56:47
475,IMG_0507,189.03,0.0328,25,2021-12-09 22:56:50
476,IMG_0508,191.83,0.0325,26,2021-12-09 22:56:53
477,IMG_0509,176.18,0.0326,24,2021-12-09 22:56:56
478,IMG_0511,192.75,0.0328,26,2021-12-09 22:57:02
479,IMG_0512,183.79,0.0326,25,2021-12-09 22:57:05
480,IMG_0513,199.43,0.0325,27,2021-12-09 22:57:08
481,IMG_0514,184.99,0.0325,25,2021-12-09 22:57:11
482,IMG_0515,189.60,0.0325,26,2021-12-09 22:57:14
483,IMG_0516,176.33,0.0326,24,2021-12-09 22:57:17
484,IMG_0517,171.96,0.0326,23,2021-12-09 22:57:20
485,IMG_0518,195.57,0.0327,26,2021-12-09 22:57:23
486,IMG_0520,184.63,0.0324,24,2021-12-09 22:57:29
487,IMG_0521,166.93,0.0324,23,2021-12-09 22:57:32
488,IMG_0522,183.88,0.0325,25,2021-12-09 22:57:35
489,IMG_0523,164.88,0.0326,23,2021-12-09 22:57:38
490,IMG_0524,177.45,0.0325,24,2021-12-09 22:57:41
491,IMG_0525,174.60,0.0324,23,2021-12-09 22:57:44
492,IMG_0526,178.50,0.0324,24,2021-12-09 22:57:47
493,IMG_0527,187.15,0.0325,25,2021-12-09 22:57:50
494,IMG_0379,237.48,0.0302,32,2021-12-09 22:45:37
495,IMG_0388,208.45,0.0317,28,2021-12-09 22:48:19
496,IMG_0397,199.80,0.0316,27,2021-12-09 22:48:46
497,IMG_0404,208.96,0.0315,28,2021-12-09 22:49:07
498,IMG_0413,201.86,0.0314,27,2021-12-09 22:49:34
499,IMG_0422,188.45,0.0313,25,2021-12-09 22:50:01
500,IMG_0431,194.23,0.0314,26,2021-12-09 22:50:28
501,IMG_0440,198.34,0.0312,26,2021-12-09 22:50:55
502,IMG_0449,221.90,0.0321,30,2021-12-09 22:52:25
503,IMG_0458,208.36,0.0320,29,2021-12-09 22:52:52
504,IMG_0467,191.15,0.0320,26,2021-12-09 22:53:19
505,IMG_0476,182.50,0.0320,24,2021-12-09 22:53:46
506,IMG_0485,186.63,0.0320,25,2021-12-09 22:54:13
507,IMG_0494,200.17,0.0320,27,2021-12-09 22:54:40
508,IMG_0501,188.44,0.0320,25,2021-12-09 22:55:01
509,IMG_0510,182.58,0.0325,25,2021-12-09 22:56:59
510,IMG_0529,166.39,0.0326,22,2021-12-09 22:57:56
511,IMG_0530,169.23,0.0324,23,2021-12-09 22:57:59
512,IMG_0531,176.79,0.0323,24,2021-12-09 22:58:02
513,IMG_0532,166.95,0.0323,23,2021-12-09 22:58:05
514,IMG_0533,196.52,0.0324,26,2021-12-09 22:58:08
515,IMG_0534,177.05,0.0323,24,2021-12-09 22:58:11
516,IMG_0535,200.26,0.0325,27,2021-12-09 22:58:14
517,IMG_0536,185.34,0.0323,25,2021-12-09 22:58:17
518,IMG_0538,186.44,0.0323,25,2021-12-09 22:58:23
519,IMG_0539,162.44,0.0325,22,2021-12-09 22:58:26
520,IMG_0540,176.62,0.0323,24,2021-12-09 22:58:29
521,IMG_0541,175.91,0.0323,23,2021-12-09 22:58:32
522,IMG_0542,178.65,0.0323,24,2021-12-09 22:58:35
523,IMG_0543,195.76,0.0323,26,2021-12-09 22:58:38
524,IMG_0544,164.12,0.0322,22,2021-12-09 22:58:41
525,IMG_0545,170.93,0.0323,23,2021-12-09 22:58:44
526,IMG_0547,185.81,0.0323,25,2021-12-09 22:58:50
527,IMG_0548,177.44,0.0322,24,2021-12-09 22:58:53
528,IMG_0549,169.61,0.0322,23,2021-12-09 22:58:56
529,IMG_0550,190.88,0.0322,26,2021-12-09 22:58:59
530,IMG_0551,207.10,0.0321,27,2021-12-09 22:59:02
531,IMG_0552,177.81,0.0322,24,2021-12-09 22:59:05
532,IMG_0553,194.50,0.0322,26,2021-12-09 22:59:08
533,IMG_0554,196.10,0.0321,26,2021-12-09 22:59:11
534,IMG_0556,190.87,0.0321,25,2021-12-09 22:59:17
535,IMG_0557,184.84,0.0321,25,2021-12-09 22:59:20
536,IMG_0558,186.38,0.0321,25,2021-12-09 22:59:23
537,IMG_0559,172.13,0.0320,23,2021-12-09 22:59:26
538,IMG_0560,185.36,0.0320,25,2021-12-09 22:59:29
539,IMG_0561,187.99,0.0320,25,2021-12-09 22:59:32
540,IMG_0562,190.98,0.0320,26,2021-12-09 22:59:35
541,IMG_0563,147.94,0.0334,21,2021-12-09 23:00:58
542,IMG_0565,194.21,0.0334,26,2021-12-09 23:01:04
543,IMG_0566,196.46,0.0334,26,2021-12-09 23:01:07
544,IMG_0567,185.51,0.0333,25,2021-12-09 23:01:10
545,IMG_0568,163.04,0.0334,22,2021-12-09 23:01:13
546,IMG_0569,170.65,0.0333,23,2021-12-09 23:01:16
547,IMG_0570,174.25,0.0333,23,2021-12-09 23:01:19
548,IMG_0571,185.07,0.0333,25,2021-12-09 23:01:22
549,IMG_0572,179.35,0.0333,24,2021-12-09 23:01:25
550,IMG_0574,176.41,0.0333,24,2021-12-09 23:01:31
551,IMG_0575,187.69,0.0333,24,2021-12-09 23:01:34
552,IMG_0576,178.22,0.0334,24,2021-12-09 23:01:37
553,IMG_0577,187.10,0.0334,25,2021-12-09 23:01:40
554,IMG_0578,177.53,0.0334,23,2021-12-09 23:01:43
555,IMG_0579,161.58,0.0334,22,2021-12-09 23:01:46
556,IMG_0580,183.29,0.0333,25,2021-12-09 23:01:49
557,IMG_0581,172.73,0.0334,23,2021-12-09 23:01:52
558,IMG_0583,183.52,0.0334,25,2021-12-09 23:01:58
559,IMG_0584,188.80,0.0334,26,2021-12-09 23:02:01
560,IMG_0585,193.59,0.0334,26,2021-12-09 23:02:04
561,IMG_0586,166.85,0.0334,22,2021-12-09 23:02:07
562,IMG_0587,164.88,0.0334,22,2021-12-09 23:02:10
563,IMG_0588,178.71,0.0334,24,2021-12-09 23:02:13
564,IMG_0589,183.33,0.0334,24,2021-12-09 23:02:16
565,IMG_0590,166.25,0.0335,22,2021-12-09 23:02:19
566,IMG_0592,176.90,0.0335,24,2021-12-09 23:02:25
567,IMG_0593,175.51,0.0336,23,2021-12-09 23:02:28
568,IMG_0594,174.71,0.0335,23,2021-12-09 23:02:31
569,IMG_0595,178.21,0.0335,24,2021-12-09 23:02:34
570,IMG_0596,176.81,0.0335,24,2021-12-09 23:02:37
571,IMG_0597,165.99,0.0336,22,2021-12-09 23:02:40
572,IMG_0598,163.25,0.0337,22,2021-12-09 23:02:43
573,IMG_0599,157.01,0.0337,21,2021-12-09 23:02:46
574,IMG_0600,180.09,0.0335,24,2021-12-09 23:02:49
575,IMG_0601,163.56,0.0337,22,2021-12-09 23:02:52
576,IMG_0602,174.11,0.0335,23,2021-12-09 23:02:55
577,IMG_0603,175.27,0.0335,24,2021-12-09 23:02:58
578,IMG_0604,179.43,0.0336,24,2021-12-09 23:03:01
579,IMG_0605,192.33,0.0336,26,2021-12-09 23:03:04
580,IMG_0606,180.59,0.0335,25,2021-12-09 23:03:07
581,IMG_0608,166.53,0.0335,23,2021-12-09 23:03:13
582,IMG_0609,181.86,0.0335,24,2021-12-09 23:03:16
583,IMG_0610,176.41,0.0335,24,2021-12-09 23:03:19
584,IMG_0611,178.19,0.0335,24,2021-12-09 23:03:22
585,IMG_0612,181.61,0.0335,24,2021-12-09 23:03:25
586,IMG_0613,189.04,0.0335,25,2021-12-09 23:03:28
587,IMG_0614,196.26,0.0334,26,2021-12-09 23:03:31
588,IMG_0615,193.59,0.0334,26,2021-12-09 23:03:34
589,IMG_0617,157.42,0.0334,21,2021-12-09 23:03:40
590,IMG_0618,200.59,0.0333,27,2021-12-09 23:03:43
591,IMG_0619,168.03,0.0333,23,2021-12-09 23:03:46
592,IMG_0620,181.89,0.0333,24,2021-12-09 23:03:49
593,IMG_0621,172.47,0.0332,23,2021-12-09 23:03:52
594,IMG_0622,187.53,0.0332,25,2021-12-09 23:03:55
595,IMG_0623,174.28,0.0342,24,2021-12-09 23:04:56
596,IMG_0624,194.64,0.0341,26,2021-12-09 23:04:59
597,IMG_0626,166.97,0.0342,23,2021-12-09 23:05:05
598,IMG_0627,174.36,0.0342,24,2021-12-09 23:05:08
599,IMG_0628,168.49,0.0343,23,2021-12-09 23:05:11
600,IMG_0629,168.46,0.0342,23,2021-12-09 23:05:14
601,IMG_0630,189.40,0.0342,25,2021-12-09 23:05:17
602,IMG_0631,172.20,0.0342,23,2021-12-09 23:05:20
603,IMG_0632,178.38,0.0342,24,2021-12-09 23:05:23
604,IMG_0633,175.56,0.0343,24,2021-12-09 23:05:26
605,IMG_0635,183.91,0.0343,25,2021-12-09 23:05:32
606,IMG_0636,170.71,0.0342,23,2021-12-09 23:05:35
607,IMG_0637,144.04,0.0343,19,2021-12-09 23:05:38
608,IMG_0638,186.55,0.0342,25,2021-12-09 23:05:41
609,IMG_0639,157.58,0.0342,21,2021-12-09 23:05:44
610,IMG_0640,199.32,0.0343,27,2021-12-09 23:05:47
611,IMG_0641,190.28,0.0342,25,2021-12-09 23:05:50
612,IMG_0642,156.07,0.0342,21,2021-12-09 23:05:53
613,IMG_0644,167.66,0.0342,22,2021-12-09 23:05:59
614,IMG_0645,163.11,0.0342,22,2021-12-09 23:06:02
615,IMG_0646,160.16,0.0342,22,2021-12-09 23:06:05
616,IMG_0647,178.14,0.0342,24,2021-12-09 23:06:08
617,IMG_0648,156.11,0.0342,21,2021-12-09 23:06:11
618,IMG_0649,176.90,0.0342,24,2021-12-09 23:06:14
619,IMG_0650,172.28,0.0342,23,2021-12-09 23:06:17
620,IMG_0651,200.52,0.0341,27,2021-12-09 23:06:20
621,IMG_0653,177.75,0.0341,24,2021-12-09 23:06:26
622,IMG_0654,165.51,0.0341,22,2021-12-09 23:06:29
623,IMG_0655,157.01,0.0341,21,2021-12-09 23:06:32
624,IMG_0656,167.99,0.0342,22,2021-12-09 23:06:35
625,IMG_0657,148.56,0.0343,20,2021-12-09 23:06:38
626,IMG_0658,150.92,0.0342,20,2021-12-09 23:06:41
627,IMG_0659,178.87,0.0343,24,2021-12-09 23:06:44
628,IMG_0660,160.68,0.0343,22,2021-12-09 23:06:47
629,IMG_0662,176.20,0.0344,24,2021-12-09 23:06:53
630,IMG_0663,179.38,0.0344,24,2021-12-09 23:06:56
631,IMG_0664,170.61,0.0345,23,2021-12-09 23:06:59
632,IMG_0665,138.85,0.0345,19,2021-12-09 23:07:02
633,IMG_0666,144.46,0.0345,20,2021-12-09 23:07:05
634,IMG_0667,164.38,0.0345,22,2021-12-09 23:07:08
635,IMG_0668,161.10,0.0345,22,2021-12-09 23:07:11
636,IMG_0669,179.90,0.0345,24,2021-12-09 23:07:14
637,IMG_0671,176.80,0.0346,24,2021-12-09 23:07:20
638,IMG_0672,165.58,0.0345,22,2021-12-09 23:07:23
639,IMG_0673,174.53,0.0346,23,2021-12-09 23:07:26
640,IMG_0674,174.34,0.0346,23,2021-12-09 23:07:29
641,IMG_0675,177.05,0.0346,24,2021-12-09 23:07:32
642,IMG_0676,150.29,0.0346,20,2021-12-09 23:07:35
643,IMG_0677,185.10,0.0346,25,2021-12-09 23:07:38
644,IMG_0678,184.29,0.0346,25,2021-12-09 23:07:41
645,IMG_0528,160.89,0.0324,22,2021-12-09 22:57:53
646,IMG_0537,177.04,0.0323,24,2021-12-09 22:58:20
647,IMG_0546,173.56,0.0322,23,2021-12-09 22:58:47
648,IMG_0555,191.49,0.0322,26,2021-12-09 22:59:14
649,IMG_0564,175.91,0.0334,24,2021-12-09 23:01:01
650,IMG_0573,194.26,0.0333,26,2021-12-09 23:01:28
651,IMG_0582,179.50,0.0334,24,2021-12-09 23:01:55
652,IMG_0591,182.17,0.0335,24,2021-12-09 23:02:22
653,IMG_0607,176.88,0.0335,24,2021-12-09 23:03:10
654,IMG_0616,180.24,0.0334,24,2021-12-09 23:03:37
655,IMG_0625,181.29,0.0342,24,2021-12-09 23:05:02
656,IMG_0634,181.07,0.0342,24,2021-12-09 23:05:29
657,IMG_0643,178.04,0.0342,24,2021-12-09 23:05:56
658,IMG_0652,157.29,0.0342,21,2021-12-09 23:06:23
659,IMG_0661,144.44,0.0343,20,2021-12-09 23:06:50
660,IMG_0680,170.39,0.0346,23,2021-12-09 23:07:47
661,IMG_0681,167.97,0.0346,23,2021-12-09 23:07:50
662,IMG_0682,180.89,0.0346,24,2021-12-09 23:07:53
663,IMG_0683,164.06,0.0359,22,2021-12-09 23:08:57
664,IMG_0684,165.90,0.0360,22,2021-12-09 23:09:00
665,IMG_0685,145.34,0.0359,20,2021-12-09 23:09:03
666,IMG_0686,172.34,0.0359,23,2021-12-09 23:09:06
667,IMG_0687,169.34,0.0360,23,2021-12-09 23:09:09
668,IMG_0689,147.37,0.0359,20,2021-12-09 23:09:15
669,IMG_0690,151.69,0.0359,20,2021-12-09 23:09:18
670,IMG_0691,145.01,0.0359,20,2021-12-09 23:09:21
671,IMG_0692,132.79,0.0360,18,2021-12-09 23:09:24
672,IMG_0693,151.22,0.0359,20,2021-12-09 23:09:27
673,IMG_0694,167.88,0.0360,23,2021-12-09 23:09:30
674,IMG_0695,141.43,0.0359,19,2021-12-09 23:09:33
675,IMG_0696,156.02,0.0359,21,2021-12-09 23:09:36
676,IMG_0698,160.44,0.0359,21,2021-12-09 23:09:42
677,IMG_0699,163.60,0.0360,22,2021-12-09 23:09:45
678,IMG_0700,139.86,0.0359,19,2021-12-09 23:09:48
679,IMG_0701,154.65,0.0359,21,2021-12-09 23:09:51
680,IMG_0702,173.85,0.0359,23,2021-12-09 23:09:54
681,IMG_0703,135.82,0.0359,18,2021-12-09 23:09:57
682,IMG_0006,248.16,0.0258,33,2021-12-09 22:21:09
683,IMG_0015,246.57,0.0257,33,2021-12-09 22:21:36
684,IMG_0024,235.81,0.0263,31,2021-12-09 22:23:01
685,IMG_0033,246.44,0.0264,33,2021-12-09 22:23:28
686,IMG_0042,256.91,0.0264,34,2021-12-09 22:23:55
687,IMG_0051,264.64,0.0264,35,2021-12-09 22:24:22
688,IMG_0060,224.63,0.0264,30,2021-12-09 22:24:49
689,IMG_0069,254.24,0.0264,34,2021-12-09 22:25:16
690,IMG_0218,232.30,0.0284,31,2021-12-09 22:35:18
691,IMG_0370,224.41,0.0303,30,2021-12-09 22:45:10
692,IMG_0519,164.05,0.0325,22,2021-12-09 22:57:26
693,IMG_0670,166.37,0.0345,23,2021-12-09 23:07:17
694,IMG_9257,312.67,0.0190,42,2021-12-09 21:20:52
695,IMG_9405,329.85,0.0197,44,2021-12-09 21:32:55
696,IMG_9557,305.51,0.0209,41,2021-12-09 21:44:31
697,IMG_9706,306.81,0.0225,41,2021-12-09 21:56:09
698,IMG_0705,169.71,0.0359,22,2021-12-09 23:10:03
699,IMG_0706,166.40,0.0359,22,2021-12-09 23:10:06
700,IMG_0707,168.07,0.0359,23,2021-12-09 23:10:09
701,IMG_0708,165.79,0.0359,22,2021-12-09 23:10:12
702,IMG_0709,152.15,0.0359,21,2021-12-09 23:10:15
703,IMG_0710,153.39,0.0359,20,2021-12-09 23:10:18
704,IMG_0711,170.77,0.0359,23,2021-12-09 23:10:21
705,IMG_0712,170.71,0.0359,23,2021-12-09 23:10:24
706,IMG_0714,168.11,0.0359,23,2021-12-09 23:10:30
707,IMG_0715,170.25,0.0359,23,2021-12-09 23:10:33
708,IMG_0716,157.11,0.0359,21,2021-12-09 23:10:36
709,IMG_0717,161.16,0.0359,22,2021-12-09 23:10:39
710,IMG_0718,157.16,0.0359,21,2021-12-09 23:10:42
711,IMG_0719,172.58,0.0358,23,2021-12-09 23:10:45
712,IMG_0720,165.06,0.0359,22,2021-12-09 23:10:48
713,IMG_0721,148.28,0.0359,20,2021-12-09 23:10:51
714,IMG_0723,145.17,0.0359,20,2021-12-09 23:10:57
715,IMG_0724,163.21,0.0359,21,2021-12-09 23:11:00
716,IMG_0725,158.27,0.0359,21,2021-12-09 23:11:03
717,IMG_0726,146.42,0.0359,20,2021-12-09 23:11:06
718,IMG_0727,133.78,0.0359,18,2021-12-09 23:11:09
719,IMG_0728,149.31,0.0360,20,2021-12-09 23:11:12
720,IMG_0729,153.91,0.0359,21,2021-12-09 23:11:15
721,IMG_0730,163.17,0.0360,21,2021-12-09 23:11:18
722,IMG_0732,157.65,0.0360,21,2021-12-09 23:11:24
723,IMG_0733,159.84,0.0359,21,2021-12-09 23:11:27
724,IMG_0734,153.79,0.0359,21,2021-12-09 23:11:30
725,IMG_0735,155.83,0.0359,21,2021-12-09 23:11:33
726,IMG_0736,146.85,0.0359,20,2021-12-09 23:11:36
727,IMG_0737,162.14,0.0359,22,2021-12-09 23:11:39
728,IMG_0738,178.39,0.0359,24,2021-12-09 23:11:42
729,IMG_0739,165.60,0.0359,22,2021-12-09 23:11:45
730,IMG_0741,176.15,0.0359,24,2021-12-09 23:11:51
731,IMG_0742,148.80,0.0360,20,2021-12-09 23:11:54
732,IMG_9181,286.82,0.0184,38,2021-12-09 21:12:22
733,IMG_9184,252.75,0.0184,34,2021-12-09 21:12:31
734,IMG_9185,257.14,0.0185,34,2021-12-09 21:12:34
735,IMG_9186,285.02,0.0185,38,2021-12-09 21:12:37
736,IMG_9188,268.34,0.0186,37,2021-12-09 21:12:43
737,IMG_9189,247.14,0.0185,33,2021-12-09 21:12:46
738,IMG_9190,262.92,0.0185,36,2021-12-09 21:12:49
739,IMG_9191,263.18,0.0185,35,2021-12-09 21:12:52
740,IMG_9192,254.92,0.0185,35,2021-12-09 21:12:55
741,IMG_9193,260.69,0.0184,35,2021-12-09 21:12:58
742,IMG_9194,251.46,0.0185,34,2021-12-09 21:13:01
743,IMG_9195,230.90,0.0184,32,2021-12-09 21:13:04
744,IMG_9197,262.28,0.0184,35,2021-12-09 21:13:10
745,IMG_9198,245.70,0.0185,33,2021-12-09 21:13:13
746,IMG_9199,258.39,0.0184,35,2021-12-09 21:13:16
747,IMG_9200,287.66,0.0184,39,2021-12-09 21:13:19
748,IMG_9201,276.15,0.0184,37,2021-12-09 21:13:22
749,IMG_9202,260.52,0.0184,35,2021-12-09 21:13:25
750,IMG_9204,235.43,0.0184,32,2021-12-09 21:13:31
751,IMG_9205,273.64,0.0184,37,2021-12-09 21:13:34
752,IMG_9206,266.90,0.0184,35,2021-12-09 21:13:37
753,IMG_9207,250.89,0.0184,34,2021-12-09 21:13:40
754,IMG_9208,281.69,0.0185,38,2021-12-09 21:13:43
755,IMG_9209,292.26,0.0184,40,2021-12-09 21:13:46
756,IMG_9210,278.93,0.0185,37,2021-12-09 21:13:49
757,IMG_9211,253.87,0.0184,34,2021-12-09 21:13:52
758,IMG_9213,254.45,0.0184,34,2021-12-09 21:13:58
759,IMG_9214,290.69,0.0183,39,2021-12-09 21:14:01
760,IMG_9215,244.72,0.0184,33,2021-12-09 21:14:04
761,IMG_9216,270.05,0.0183,37,2021-12-09 21:14:07
762,IMG_9217,276.24,0.0183,37,2021-12-09 21:14:10
763,IMG_9218,303.92,0.0183,41,2021-12-09 21:14:13
764,IMG_9219,293.78,0.0183,39,2021-12-09 21:14:16
765,IMG_9220,277.63,0.0183,38,2021-12-09 21:14:19
766,IMG_9222,281.29,0.0184,38,2021-12-09 21:14:25
767,IMG_9223,292.40,0.0183,39,2021-12-09 21:14:28
768,IMG_9224,268.84,0.0183,36,2021-12-09 21:14:31
769,IMG_9225,260.77,0.0184,35,2021-12-09 21:14:34
770,IMG_9226,277.68,0.0183,38,2021-12-09 21:14:37
771,IMG_9227,309.53,0.0183,41,2021-12-09 21:14:40
772,IMG_9228,276.30,0.0183,37,2021-12-09 21:14:43
773,IMG_9229,277.77,0.0183,38,2021-12-09 21:14:46
774,IMG_9231,269.78,0.0183,37,2021-12-09 21:14:52
775,IMG_9232,269.24,0.0183,36,2021-12-09 21:14:55
776,IMG_9233,285.10,0.0183,39,2021-12-09 21:14:58
777,IMG_9234,290.15,0.0183,39,2021-12-09 21:15:01
778,IMG_9235,318.48,0.0183,43,2021-12-09 21:15:04
779,IMG_9236,310.37,0.0183,42,2021-12-09 21:15:07
780,IMG_9237,303.07,0.0183,41,2021-12-09 21:15:10
781,IMG_9238,294.99,0.0183,40,2021-12-09 21:15:13
782,IMG_9240,302.49,0.0183,41,2021-12-09 21:15:19
783,IMG_9241,315.03,0.0190,42,2021-12-09 21:20:04
784,IMG_9242,332.29,0.0190,44,2021-12-09 21:20:07
785,IMG_9243,312.97,0.0190,42,2021-12-09 21:20:10
786,IMG_9244,326.13,0.0190,44,2021-12-09 21:20:13
787,IMG_9245,330.58,0.0190,44,2021-12-09 21:20:16
788,IMG_9246,337.71,0.0190,45,2021-12-09 21:20:19
789,IMG_9247,307.80,0.0190,41,2021-12-09 21:20:22
790,IMG_9249,314.14,0.0190,42,2021-12-09 21:20:28
791,IMG_9250,293.49,0.0190,39,2021-12-09 21:20:31
792,IMG_9251,322.21,0.0190,43,2021-12-09 21:20:34
793,IMG_9252,339.08,0.0190,45,2021-12-09 21:20:37
794,IMG_9253,313.64,0.0190,41,2021-12-09 21:20:40
795,IMG_9254,349.25,0.0190,47,2021-12-09 21:20:43
796,IMG_9255,347.34,0.0190,46,2021-12-09 21:20:46
797,IMG_9256,328.89,0.0190,44,2021-12-09 21:20:49
798,IMG_0001,272.98,0.0259,36,2021-12-09 22:20:54
799,IMG_0002,241.04,0.0258,32,2021-12-09 22:20:57
800,IMG_0003,263.43,0.0259,35,2021-12-09 22:21:00
801,IMG_0004,277.42,0.0259,37,2021-12-09 22:21:03
802,IMG_0005,251.51,0.0258,33,2021-12-09 22:21:06
803,IMG_9258,340.07,0.0190,45,2021-12-09 21:20:55
804,IMG_9259,347.81,0.0189,46,2021-12-09 21:20:58
805,IMG_9260,329.41,0.0190,44,2021-12-09 21:21:01
806,IMG_9261,356.48,0.0189,48,2021-12-09 21:21:04
807,IMG_9262,286.44,0.0189,38,2021-12-09 21:21:07
808,IMG_9263,363.03,0.0189,48,2021-12-09 21:21:10
809,IMG_9264,327.68,0.0189,44,2021-12-09 21:21:13
810,IMG_9265,311.45,0.0190,41,2021-12-09 21:21:16
811,IMG_0679,163.52,0.0346,22,2021-12-09 23:07:44
812,IMG_0688,189.01,0.0359,25,2021-12-09 23:09:12
813,IMG_0697,156.44,0.0359,21,2021-12-09 23:09:39
814,IMG_0704,158.11,0.0359,22,2021-12-09 23:10:00
815,IMG_0713,159.79,0.0359,21,2021-12-09 23:10:27
816,IMG_0722,167.18,0.0359,23,2021-12-09 23:10:54
817,IMG_0731,166.57,0.0359,22,2021-12-09 23:11:21
818,IMG_0740,153.08,0.0360,21,2021-12-09 23:11:48
819,IMG_9187,267.27,0.0185,36,2021-12-09 21:12:40
820,IMG_9196,264.12,0.0184,36,2021-12-09 21:13:07
821,IMG_9203,221.81,0.0185,30,2021-12-09 21:13:28
822,IMG_9212,269.08,0.0184,36,2021-12-09 21:13:55
823,IMG_9221,287.64,0.0183,39,2021-12-09 21:14:22
824,IMG_9230,328.51,0.0183,45,2021-12-09 21:14:49
825,IMG_9239,281.28,0.0183,38,2021-12-09 21:15:16
826,IMG_9248,296.92,0.0190,39,2021-12-09 21:20:25
827,IMG_9267,313.95,0.0189,42,2021-12-09 21:21:22
828,IMG_9268,321.24,0.0189,43,2021-12-09 21:21:25
829,IMG_9269,322.17,0.0189,43,2021-12-09 21:21:28
830,IMG_9270,303.88,0.0189,41,2021-12-09 21:21:31
831,IMG_9271,338.22,0.0189,45,2021-12-09 21:21:34
832,IMG_9272,313.90,0.0189,42,2021-12-09 21:21:37
833,IMG_9273,297.95,0.0189,40,2021-12-09 21:21:40
834,IMG_9274,301.35,0.0189,40,2021-12-09 21:21:43
835,IMG_9276,314.60,0.0189,42,2021-12-09 21:21:49
836,IMG_9277,327.91,0.0189,44,2021-12-09 21:21:52
837,IMG_9278,339.27,0.0189,45,2021-12-09 21:21:55
838,IMG_9279,325.16,0.0189,43,2021-12-09 21:21:58
839,IMG_9280,308.75,0.0189,41,2021-12-09 21:22:01
840,IMG_9281,353.27,0.0189,47,2021-12-09 21:22:04
841,IMG_9282,357.05,0.0189,48,2021-12-09 21:22:07
842,IMG_9283,318.12,0.0189,42,2021-12-09 21:22:10
843,IMG_9285,298.34,0.0189,40,2021-12-09 21:22:16
844,IMG_9286,308.26,0.0189,41,2021-12-09 21:22:19
845,IMG_9287,353.27,0.0189,47,2021-12-09 21:22:22
846,IMG_9288,333.23,0.0189,44,2021-12-09 21:22:25
847,IMG_9289,315.28,0.0189,42,2021-12-09 21:22:28
848,IMG_9290,335.88,0.0189,45,2021-12-09 21:22:31
849,IMG_9291,380.22,0.0189,51,2021-12-09 21:22:34
850,IMG_9292,349.60,0.0188,46,2021-12-09 21:22:37
851,IMG_9294,370.52,0.0188,49,2021-12-09 21:22:43
852,IMG_9295,331.87,0.0188,44,2021-12-09 21:22:46
853,IMG_9296,352.23,0.0189,47,2021-12-09 21:22:49
854,IMG_9297,348.74,0.0188,47,2021-12-09 21:22:52
855,IMG_9298,327.86,0.0189,44,2021-12-09 21:22:55
856,IMG_9299,345.35,0.0189,46,2021-12-09 21:22:58
857,IMG_9301,336.49,0.0192,45,2021-12-09 21:26:00
858,IMG_9302,334.64,0.0192,45,2021-12-09 21:26:04
859,IMG_9303,306.59,0.0190,41,2021-12-09 21:26:34
860,IMG_9304,340.31,0.0190,46,2021-12-09 21:26:37
861,IMG_9305,339.22,0.0190,45,2021-12-09 21:26:40
862,IMG_9306,367.55,0.0190,49,2021-12-09 21:26:43
863,IMG_9307,374.23,0.0190,50,2021-12-09 21:26:46
864,IMG_9308,353.18,0.0190,47,2021-12-09 21:26:49
865,IMG_9310,352.27,0.0191,47,2021-12-09 21:26:55
866,IMG_9311,334.97,0.0191,45,2021-12-09 21:26:58
867,IMG_9312,371.08,0.0190,50,2021-12-09 21:27:01
868,IMG_9313,357.03,0.0190,47,2021-12-09 21:27:04
869,IMG_9314,360.10,0.0190,48,2021-12-09 21:27:07
870,IMG_9315,359.40,0.0190,48,2021-12-09 21:27:10
871,IMG_9316,399.98,0.0189,53,2021-12-09 21:27:13
872,IMG_9317,362.97,0.0190,48,2021-12-09 21:27:16
873,IMG_9318,373.17,0.0190,50,2021-12-09 21:27:19
874,IMG_9319,380.23,0.0190,51,2021-12-09 21:27:22
875,IMG_9320,355.55,0.0190,47,2021-12-09 21:27:25
876,IMG_9321,361.74,0.0190,49,2021-12-09 21:27:28
877,IMG_9322,383.82,0.0190,51,2021-12-09 21:27:31
878,IMG_9323,361.84,0.0190,48,2021-12-09 21:27:34
879,IMG_9324,353.18,0.0188,47,2021-12-09 21:27:37
880,IMG_9325,375.56,0.0190,50,2021-12-09 21:27:40
881,IMG_9326,362.79,0.0189,49,2021-12-09 21:27:43
882,IMG_9327,354.59,0.0189,48,2021-12-09 21:27:46
883,IMG_9328,356.11,0.0189,48,2021-12-09 21:27:49
884,IMG_9329,376.56,0.0190,50,2021-12-09 21:27:52
885,IMG_9330,354.97,0.0189,48,2021-12-09 21:27:55
886,IMG_9331,338.08,0.0189,45,2021-12-09 21:27:58
887,IMG_9332,375.53,0.0189,50,2021-12-09 21:28:01
888,IMG_9333,332.98,0.0189,45,2021-12-09 21:28:04
889,IMG_9334,348.91,0.0189,47,2021-12-09 21:28:07
890,IMG_9335,374.62,0.0189,50,2021-12-09 21:28:10
891,IMG_9336,367.59,0.0189,49,2021-12-09 21:28:13
892,IMG_9337,377.45,0.0189,51,2021-12-09 21:28:16
893,IMG_9338,368.77,0.0189,49,2021-12-09 21:28:19
894,IMG_9339,369.39,0.0189,50,2021-12-09 21:28:22
895,IMG_9340,378.65,0.0189,50,2021-12-09 21:28:25
896,IMG_9341,366.18,0.0189,49,2021-12-09 21:28:28
897,IMG_9342,326.32,0.0189,44,2021-12-09 21:28:31
898,IMG_9343,341.48,0.0189,46,2021-12-09 21:28:34
899,IMG_9344,343.07,0.0189,46,2021-12-09 21:28:37
900,IMG_9345,334.65,0.0189,44,2021-12-09 21:28:40
901,IMG_9346,348.57,0.0188,46,2021-12-09 21:28:43
902,IMG_9347,374.57,0.0189,50,2021-12-09 21:28:46
903,IMG_9348,355.08,0.0189,47,2021-12-09 21:28:49
904,IMG_9349,306.35,0.0188,41,2021-12-09 21:28:52
905,IMG_9350,368.75,0.0189,49,2021-12-09 21:28:55
906,IMG_9351,327.29,0.0189,44,2021-12-09 21:28:58
907,IMG_9352,359.78,0.0189,48,2021-12-09 21:29:01
908,IMG_9353,365.57,0.0189,49,2021-12-09 21:29:04
909,IMG_9354,344.10,0.0189,46,2021-12-09 21:29:07
910,IMG_9355,356.50,0.0189,48,2021-12-09 21:29:10
911,IMG_9356,372.96,0.0189,50,2021-12-09 21:29:13
912,IMG_9357,331.63,0.0189,44,2021-12-09 21:29:16
913,IMG_9358,350.05,0.0189,46,2021-12-09 21:29:19
914,IMG_9359,375.81,0.0189,51,2021-12-09 21:29:22
915,IMG_9360,390.78,0.0190,53,2021-12-09 21:29:25
916,IMG_9361,398.58,0.0190,54,2021-12-09 21:29:28
917,IMG_9362,398.92,0.0190,54,2021-12-09 21:29:31
918,IMG_9363,347.92,0.0195,46,2021-12-09 21:30:49
919,IMG_9364,311.23,0.0195,42,2021-12-09 21:30:52
920,IMG_9365,331.45,0.0195,44,2021-12-09 21:30:55
921,IMG_9366,299.01,0.0195,40,2021-12-09 21:30:58
922,IMG_9367,313.95,0.0196,42,2021-12-09 21:31:01
923,IMG_9368,354.50,0.0196,47,2021-12-09 21:31:04
924,IMG_9369,313.61,0.0196,42,2021-12-09 21:31:07
925,IMG_9370,314.96,0.0197,42,2021-12-09 21:31:10
926,IMG_9372,325.19,0.0196,43,2021-12-09 21:31:16
927,IMG_9373,336.92,0.0196,45,2021-12-09 21:31:19
928,IMG_9374,326.96,0.0196,44,2021-12-09 21:31:22
929,IMG_9375,325.36,0.0197,43,2021-12-09 21:31:25
930,IMG_9376,329.39,0.0197,44,2021-12-09 21:31:28
931,IMG_9377,320.55,0.0197,43,2021-12-09 21:31:31
932,IMG_9378,340.19,0.0197,45,2021-12-09 21:31:34
933,IMG_9379,350.86,0.0196,47,2021-12-09 21:31:37
934,IMG_9381,342.12,0.0196,46,2021-12-09 21:31:43
935,IMG_9382,327.71,0.0197,43,2021-12-09 21:31:46
936,IMG_9383,326.89,0.0198,44,2021-12-09 21:31:49
937,IMG_9384,342.04,0.0198,46,2021-12-09 21:31:52
938,IMG_9385,326.85,0.0199,44,2021-12-09 21:31:55
939,IMG_9386,335.29,0.0199,45,2021-12-09 21:31:58
940,IMG_9387,343.89,0.0200,46,2021-12-09 21:32:01
941,IMG_9388,342.79,0.0200,46,2021-12-09 21:32:04
942,IMG_9390,335.92,0.0199,45,2021-12-09 21:32:10
943,IMG_9391,339.36,0.0197,46,2021-12-09 21:32:13
944,IMG_9392,365.51,0.0197,49,2021-12-09 21:32:16
945,IMG_9393,340.02,0.0197,45,2021-12-09 21:32:19
946,IMG_9394,317.60,0.0197,42,2021-12-09 21:32:22
947,IMG_9395,324.12,0.0197,43,2021-12-09 21:32:25
948,IMG_9396,345.13,0.0197,46,2021-12-09 21:32:28
949,IMG_9397,343.91,0.0197,46,2021-12-09 21:32:31
950,IMG_9399,346.09,0.0198,46,2021-12-09 21:32:37
951,IMG_9400,312.98,0.0198,42,2021-12-09 21:32:40
952,IMG_9401,331.02,0.0198,44,2021-12-09 21:32:43
953,IMG_9402,346.68,0.0197,47,2021-12-09 21:32:46
954,IMG_9403,312.05,0.0197,42,2021-12-09 21:32:49
955,IMG_9404,355.42,0.0197,47,2021-12-09 21:32:52
956,IMG_9406,374.18,0.0197,50,2021-12-09 21:32:58
957,IMG_9407,352.44,0.0197,47,2021-12-09 21:33:01
958,IMG_9408,315.50,0.0197,42,2021-12-09 21:33:04
959,IMG_9409,341.84,0.0197,46,2021-12-09 21:33:07
960,IMG_9410,352.94,0.0197,47,2021-12-09 21:33:10
961,IMG_9411,364.67,0.0197,49,2021-12-09 21:33:13
962,IMG_9412,344.77,0.0197,46,2021-12-09 21:33:16
963,IMG_9413,325.80,0.0197,44,2021-12-09 21:33:19
964,IMG_9266,299.13,0.0190,40,2021-12-09 21:21:19
965,IMG_9275,299.75,0.0189,40,2021-12-09 21:21:46
966,IMG_9284,318.24,0.0189,43,2021-12-09 21:22:13
967,IMG_9293,359.88,0.0189,48,2021-12-09 21:22:40
968,IMG_9300,352.95,0.0189,47,2021-12-09 21:23:01
969,IMG_9309,377.25,0.0190,50,2021-12-09 21:26:52
970,IMG_9371,336.62,0.0197,45,2021-12-09 21:31:13
971,IMG_9380,330.49,0.0197,44,2021-12-09 21:31:40
972,IMG_9389,356.66,0.0199,48,2021-12-09 21:32:07
973,IMG_9398,339.33,0.0197,45,2021-12-09 21:32:34
974,IMG_9415,367.87,0.0197,49,2021-12-09 21:33:25
975,IMG_9416,343.32,0.0197,46,2021-12-09 21:33:28
976,IMG_9417,363.58,0.0197,48,2021-12-09 21:33:31
977,IMG_9418,328.41,0.0197,44,2021-12-09 21:33:34
978,IMG_9419,356.44,0.0197,47,2021-12-09 21:33:37
979,IMG_9420,388.95,0.0197,52,2021-12-09 21:33:40
980,IMG_9421,353.66,0.0198,47,2021-12-09 21:33:43
981,IMG_9422,346.25,0.0197,46,2021-12-09 21:33:46
982,IMG_9424,335.81,0.0204,45,2021-12-09 21:35:44
983,IMG_9426,308.71,0.0204,42,2021-12-09 21:35:54
984,IMG_9427,309.66,0.0204,41,2021-12-09 21:35:57
985,IMG_9428,347.78,0.0204,46,2021-12-09 21:36:00
986,IMG_9429,343.95,0.0204,46,2021-12-09 21:36:03
987,IMG_9430,343.85,0.0203,46,2021-12-09 21:36:06
988,IMG_9431,344.28,0.0203,46,2021-12-09 21:36:09
989,IMG_9432,328.82,0.0203,44,2021-12-09 21:36:12
990,IMG_9434,315.40,0.0203,42,2021-12-09 21:36:18
991,IMG_9435,341.83,0.0203,46,2021-12-09 21:36:21
992,IMG_9436,328.88,0.0203,44,2021-12-09 21:36:24
993,IMG_9437,351.57,0.0203,47,2021-12-09 21:36:27
994,IMG_9438,329.65,0.0203,44,2021-12-09 21:36:30
995,IMG_9439,361.76,0.0203,49,2021-12-09 21:36:33
996,IMG_9440,336.20,0.0203,45,2021-12-09 21:36:36
997,IMG_9441,321.90,0.0203,43,2021-12-09 21:36:39
998,IMG_9443,344.98,0.0203,46,2021-12-09 21:36:45
999,IMG_9444,327.96,0.0204,44,2021-12-09 21:36:48
1000,IMG_9445,340.48,0.0203,45,2021-12-09 21:36:51
1001,IMG_9446,341.32,0.0204,46,2021-12-09 21:36:54
1002,IMG_9447,321.60,0.0204,43,2021-12-09 21:36:57
1003,IMG_9448,319.56,0.0204,42,2021-12-09 21:37:00
1004,IMG_9449,314.48,0.0204,43,2021-12-09 21:37:03
1005,IMG_9450,323.77,0.0204,43,2021-12-09 21:37:06
1006,IMG_9452,366.92,0.0204,49,2021-12-09 21:37:12
1007,IMG_9453,317.86,0.0204,42,2021-12-09 21:37:15
1008,IMG_9454,347.97,0.0204,46,2021-12-09 21:37:18
1009,IMG_9455,340.31,0.0204,46,2021-12-09 21:37:21
1010,IMG_9456,322.99,0.0204,43,2021-12-09 21:37:24
1011,IMG_9457,316.91,0.0204,42,2021-12-09 21:37:27
1012,IMG_9458,336.12,0.0204,45,2021-12-09 21:37:30
1013,IMG_9459,347.24,0.0204,46,2021-12-09 21:37:33
1014,IMG_9461,335.37,0.0204,45,2021-12-09 21:37:39
1015,IMG_9462,350.04,0.0204,46,2021-12-09 21:37:42
1016,IMG_9463,320.51,0.0204,43,2021-12-09 21:37:45
1017,IMG_9464,338.52,0.0204,45,2021-12-09 21:37:48
1018,IMG_9465,308.59,0.0204,41,2021-12-09 21:37:51
1019,IMG_9466,350.85,0.0204,47,2021-12-09 21:37:54
1020,IMG_9467,336.16,0.0204,45,2021-12-09 21:37:57
1021,IMG_9468,322.26,0.0204,43,2021-12-09 21:38:00
1022,IMG_9470,328.17,0.0204,44,2021-12-09 21:38:06
1023,IMG_9471,316.61,0.0204,42,2021-12-09 21:38:09
1024,IMG_9472,356.98,0.0204,48,2021-12-09 21:38:12
1025,IMG_9473,322.37,0.0204,43,2021-12-09 21:38:15
1026,IMG_9474,323.40,0.0205,43,2021-12-09 21:38:18
1027,IMG_9475,314.81,0.0204,42,2021-12-09 21:38:21
1028,IMG_9476,309.48,0.0205,42,2021-12-09 21:38:24
1029,IMG_9477,340.29,0.0205,45,2021-12-09 21:38:27
1030,IMG_9479,373.23,0.0205,50,2021-12-09 21:38:33
1031,IMG_9480,356.58,0.0205,48,2021-12-09 21:38:36
1032,IMG_9481,364.28,0.0204,49,2021-12-09 21:38:39
1033,IMG_9482,338.72,0.0204,45,2021-12-09 21:38:42
1034,IMG_9483,315.58,0.0204,42,2021-12-09 21:38:45
1035,IMG_9484,372.96,0.0204,50,2021-12-09 21:38:48
1036,IMG_9485,355.57,0.0204,47,2021-12-09 21:38:51
1037,IMG_9486,308.76,0.0212,41,2021-12-09 21:39:59
1038,IMG_9488,312.19,0.0212,42,2021-12-09 21:40:08
1039,IMG_9489,325.86,0.0212,44,2021-12-09 21:40:11
1040,IMG_9490,315.81,0.0212,42,2021-12-09 21:40:14
1041,IMG_9491,306.89,0.0212,40,2021-12-09 21:40:17
1042,IMG_9492,307.46,0.0211,41,2021-12-09 21:40:20
1043,IMG_9493,326.85,0.0212,44,2021-12-09 21:40:23
1044,IMG_9494,324.01,0.0212,43,2021-12-09 21:40:26
1045,IMG_9495,304.22,0.0211,41,2021-12-09 21:40:29
1046,IMG_9497,318.83,0.0211,43,2021-12-09 21:40:35
1047,IMG_9498,304.34,0.0211,40,2021-12-09 21:40:38
1048,IMG_9499,312.01,0.0212,42,2021-12-09 21:40:41
1049,IMG_9500,275.71,0.0212,37,2021-12-09 21:40:44
1050,IMG_9501,294.71,0.0212,39,2021-12-09 21:40:47
1051,IMG_9502,316.30,0.0212,42,2021-12-09 21:40:50
1052,IMG_9504,295.95,0.0212,39,2021-12-09 21:40:56
1053,IMG_9505,279.24,0.0212,37,2021-12-09 21:40:59
1054,IMG_9506,296.01,0.0211,40,2021-12-09 21:41:02
1055,IMG_9507,311.82,0.0212,42,2021-12-09 21:41:05
1056,IMG_9508,317.37,0.0212,42,2021-12-09 21:41:08
1057,IMG_9509,364.87,0.0212,48,2021-12-09 21:41:11
1058,IMG_9510,327.86,0.0212,44,2021-12-09 21:41:14
1059,IMG_9511,324.29,0.0212,44,2021-12-09 21:41:17
1060,IMG_9513,324.16,0.0213,43,2021-12-09 21:41:23
1061,IMG_9514,313.98,0.0213,42,2021-12-09 21:41:26
1062,IMG_9515,329.61,0.0213,44,2021-12-09 21:41:29
1063,IMG_9516,304.88,0.0213,41,2021-12-09 21:41:32
1064,IMG_9517,330.12,0.0213,43,2021-12-09 21:41:35
1065,IMG_9518,315.35,0.0213,42,2021-12-09 21:41:38
1066,IMG_9519,325.83,0.0213,43,2021-12-09 21:41:41
1067,IMG_9520,310.67,0.0213,42,2021-12-09 21:41:44
1068,IMG_9522,335.34,0.0213,45,2021-12-09 21:41:50
1069,IMG_9523,308.92,0.0213,41,2021-12-09 21:41:53
1070,IMG_9524,351.45,0.0213,47,2021-12-09 21:41:56
1071,IMG_9525,313.31,0.0213,42,2021-12-09 21:41:59
1072,IMG_9526,339.64,0.0213,45,2021-12-09 21:42:02
1073,IMG_9527,327.11,0.0212,44,2021-12-09 21:42:05
1074,IMG_9528,348.02,0.0213,46,2021-12-09 21:42:08
1075,IMG_9529,328.98,0.0213,44,2021-12-09 21:42:11
1076,IMG_9531,332.50,0.0212,44,2021-12-09 21:42:17
1077,IMG_9532,339.27,0.0212,45,2021-12-09 21:42:20
1078,IMG_9533,336.50,0.0212,44,2021-12-09 21:42:23
1079,IMG_9534,300.97,0.0212,40,2021-12-09 21:42:26
1080,IMG_9535,334.56,0.0211,45,2021-12-09 21:42:29
1081,IMG_9536,323.51,0.0211,43,2021-12-09 21:42:32
1082,IMG_9537,319.31,0.0211,43,2021-12-09 21:42:35
1083,IMG_9538,315.89,0.0211,42,2021-12-09 21:42:38
1084,IMG_9540,295.52,0.0210,39,2021-12-09 21:42:44
1085,IMG_9541,317.43,0.0210,42,2021-12-09 21:42:47
1086,IMG_9542,330.14,0.0210,44,2021-12-09 21:42:50
1087,IMG_9543,305.42,0.0211,41,2021-12-09 21:42:53
1088,IMG_9544,340.20,0.0210,46,2021-12-09 21:42:56
1089,IMG_9545,330.72,0.0210,44,2021-12-09 21:42:59
1090,IMG_9546,308.00,0.0210,41,2021-12-09 21:43:02
1091,IMG_9547,337.53,0.0209,45,2021-12-09 21:44:01
1092,IMG_9549,317.73,0.0210,43,2021-12-09 21:44:07
1093,IMG_9550,290.87,0.0209,39,2021-12-09 21:44:10
1094,IMG_9551,333.06,0.0210,45,2021-12-09 21:44:13
1095,IMG_9552,320.77,0.0209,43,2021-12-09 21:44:16
1096,IMG_9553,339.04,0.0209,45,2021-12-09 21:44:19
1097,IMG_9554,340.20,0.0209,46,2021-12-09 21:44:22
1098,IMG_9555,326.34,0.0209,44,2021-12-09 21:44:26
1099,IMG_9556,364.57,0.0209,48,2021-12-09 21:44:28
1100,IMG_9558,331.10,0.0209,44,2021-12-09 21:44:34
1101,IMG_9559,319.13,0.0209,43,2021-12-09 21:44:37
1102,IMG_9560,324.70,0.0209,43,2021-12-09 21:44:40
1103,IMG_9561,333.92,0.0209,44,2021-12-09 21:44:43
1104,IMG_9562,348.82,0.0209,47,2021-12-09 21:44:46
1105,IMG_9563,330.55,0.0209,44,2021-12-09 21:44:50
1106,IMG_9564,328.71,0.0209,44,2021-12-09 21:44:52
1107,IMG_9565,338.46,0.0210,45,2021-12-09 21:44:55
1108,IMG_9414,381.70,0.0197,51,2021-12-09 21:33:22
1109,IMG_9423,343.65,0.0204,46,2021-12-09 21:35:41
1110,IMG_9433,345.82,0.0203,47,2021-12-09 21:36:15
1111,IMG_9442,315.27,0.0203,42,2021-12-09 21:36:42
1112,IMG_9451,346.79,0.0204,46,2021-12-09 21:37:09
1113,IMG_9460,341.28,0.0204,46,2021-12-09 21:37:36
1114,IMG_9469,377.48,0.0204,50,2021-12-09 21:38:03
1115,IMG_9478,332.44,0.0205,44,2021-12-09 21:38:30
1116,IMG_9487,326.00,0.0212,43,2021-12-09 21:40:05
1117,IMG_9496,301.54,0.0211,40,2021-12-09 21:40:32
1118,IMG_9503,295.39,0.0211,40,2021-12-09 21:40:53
1119,IMG_9512,318.71,0.0211,42,2021-12-09 21:41:20
1120,IMG_9521,339.06,0.0213,45,2021-12-09 21:41:47
1121,IMG_9530,305.77,0.0212,41,2021-12-09 21:42:14
1122,IMG_9539,307.72,0.0211,41,2021-12-09 21:42:41
1123,IMG_9548,338.57,0.0209,45,2021-12-09 21:44:04
1124,IMG_9567,307.11,0.0210,41,2021-12-09 21:45:01
1125,IMG_9568,307.31,0.0210,41,2021-12-09 21:45:04
1126,IMG_9569,292.50,0.0210,39,2021-12-09 21:45:08
1127,IMG_9570,302.23,0.0210,40,2021-12-09 21:45:10
1128,IMG_9571,317.78,0.0210,42,2021-12-09 21:45:13
1129,IMG_9572,304.43,0.0210,41,2021-12-09 21:45:16
1130,IMG_9573,333.19,0.0210,45,2021-12-09 21:45:19
1131,IMG_9574,332.81,0.0210,44,2021-12-09 21:45:22
1132,IMG_9576,335.19,0.0210,45,2021-12-09 21:45:28
1133,IMG_9577,342.10,0.0210,45,2021-12-09 21:45:31
1134,IMG_9578,333.04,0.0210,44,2021-12-09 21:45:34
1135,IMG_9579,322.26,0.0211,43,2021-12-09 21:45:37
1136,IMG_9580,305.13,0.0210,41,2021-12-09 21:45:40
1137,IMG_9581,339.07,0.0211,46,2021-12-09 21:45:43
1138,IMG_9582,355.67,0.0210,48,2021-12-09 21:45:46
1139,IMG_9583,312.18,0.0210,41,2021-12-09 21:45:49
1140,IMG_9585,343.00,0.0211,46,2021-12-09 21:45:55
1141,IMG_9586,317.28,0.0211,42,2021-12-09 21:45:58
1142,IMG_9587,335.76,0.0212,45,2021-12-09 21:46:01
1143,IMG_9588,312.63,0.0212,42,2021-12-09 21:46:04
1144,IMG_9589,323.92,0.0211,44,2021-12-09 21:46:07
1145,IMG_9590,342.24,0.0211,46,2021-12-09 21:46:10
1146,IMG_9591,322.40,0.0211,43,2021-12-09 21:46:13
1147,IMG_9592,310.89,0.0211,42,2021-12-09 21:46:16
1148,IMG_9594,344.71,0.0211,46,2021-12-09 21:46:22
1149,IMG_9595,318.59,0.0211,43,2021-12-09 21:46:25
1150,IMG_9596,314.20,0.0211,43,2021-12-09 21:46:28
1151,IMG_9597,346.73,0.0211,46,2021-12-09 21:46:31
1152,IMG_9598,319.32,0.0211,43,2021-12-09 21:46:34
1153,IMG_9599,340.71,0.0211,46,2021-12-09 21:46:37
1154,IMG_9601,307.66,0.0211,42,2021-12-09 21:46:43
1155,IMG_9602,343.45,0.0211,46,2021-12-09 21:46:46
1156,IMG_9603,343.98,0.0211,46,2021-12-09 21:46:49
1157,IMG_9604,334.38,0.0211,45,2021-12-09 21:46:52
1158,IMG_9605,321.48,0.0210,43,2021-12-09 21:46:55
1159,IMG_9606,310.75,0.0210,41,2021-12-09 21:46:58
1160,IMG_9607,301.31,0.0221,40,2021-12-09 21:49:50
1161,IMG_9608,266.05,0.0220,35,2021-12-09 21:50:00
1162,IMG_9610,321.72,0.0220,42,2021-12-09 21:50:06
1163,IMG_9611,306.50,0.0220,41,2021-12-09 21:50:09
1164,IMG_9612,305.73,0.0221,41,2021-12-09 21:50:12
1165,IMG_9613,294.83,0.0220,39,2021-12-09 21:50:15
1166,IMG_9614,324.61,0.0221,44,2021-12-09 21:50:18
1167,IMG_9615,314.63,0.0221,42,2021-12-09 21:50:21
1168,IMG_9616,300.62,0.0221,40,2021-12-09 21:50:24
1169,IMG_9617,264.03,0.0222,35,2021-12-09 21:50:27
1170,IMG_9619,275.77,0.0222,37,2021-12-09 21:50:33
1171,IMG_9620,323.52,0.0222,43,2021-12-09 21:50:36
1172,IMG_9621,312.59,0.0222,42,2021-12-09 21:50:39
1173,IMG_9622,288.71,0.0222,39,2021-12-09 21:50:42
1174,IMG_9623,292.99,0.0222,39,2021-12-09 21:50:45
1175,IMG_9624,291.49,0.0222,39,2021-12-09 21:50:48
1176,IMG_9625,290.58,0.0222,39,2021-12-09 21:50:51
1177,IMG_9626,320.57,0.0222,43,2021-12-09 21:50:54
1178,IMG_9628,288.18,0.0222,38,2021-12-09 21:51:00
1179,IMG_9629,282.36,0.0221,38,2021-12-09 21:51:03
1180,IMG_9630,319.53,0.0221,43,2021-12-09 21:51:06
1181,IMG_9631,271.95,0.0222,36,2021-12-09 21:51:09
1182,IMG_9632,265.03,0.0222,35,2021-12-09 21:51:12
1183,IMG_9633,316.96,0.0222,43,2021-12-09 21:51:15
1184,IMG_9634,301.06,0.0221,40,2021-12-09 21:51:18
1185,IMG_9635,299.20,0.0221,40,2021-12-09 21:51:21
1186,IMG_9637,297.01,0.0221,40,2021-12-09 21:51:27
1187,IMG_9638,286.58,0.0222,38,2021-12-09 21:51:30
1188,IMG_9639,300.35,0.0222,40,2021-12-09 21:51:33
1189,IMG_9640,302.42,0.0222,40,2021-12-09 21:51:36
1190,IMG_9641,267.25,0.0222,36,2021-12-09 21:51:39
1191,IMG_9642,293.38,0.0221,39,2021-12-09 21:51:42
1192,IMG_9643,313.74,0.0221,42,2021-12-09 21:51:45
1193,IMG_9644,272.86,0.0221,37,2021-12-09 21:51:48
1194,IMG_9646,285.05,0.0221,38,2021-12-09 21:51:54
1195,IMG_9647,317.75,0.0221,42,2021-12-09 21:51:57
1196,IMG_9648,303.34,0.0222,41,2021-12-09 21:52:00
1197,IMG_9649,298.35,0.0221,40,2021-12-09 21:52:03
1198,IMG_9650,308.21,0.0221,41,2021-12-09 21:52:06
1199,IMG_9651,298.21,0.0222,40,2021-12-09 21:52:09
1200,IMG_9652,306.19,0.0222,41,2021-12-09 21:52:12
1201,IMG_9653,283.74,0.0221,38,2021-12-09 21:52:15
1202,IMG_9655,285.35,0.0221,38,2021-12-09 21:52:21
1203,IMG_9656,314.32,0.0221,42,2021-12-09 21:52:24
1204,IMG_9657,314.37,0.0221,42,2021-12-09 21:52:27
1205,IMG_9658,285.10,0.0221,38,2021-12-09 21:52:30
1206,IMG_9659,274.73,0.0221,37,2021-12-09 21:52:33
1207,IMG_9660,284.49,0.0221,38,2021-12-09 21:52:36
1208,IMG_9661,310.90,0.0221,41,2021-12-09 21:52:39
1209,IMG_9662,295.35,0.0221,40,2021-12-09 21:52:42
1210,IMG_9664,323.18,0.0221,44,2021-12-09 21:52:48
1211,IMG_9665,316.26,0.0221,42,2021-12-09 21:52:51
1212,IMG_9666,301.77,0.0221,40,2021-12-09 21:52:54
1213,IMG_9667,317.44,0.0220,42,2021-12-09 21:52:57
1214,IMG_9668,270.79,0.0226,37,2021-12-09 21:54:18
1215,IMG_9669,298.92,0.0226,40,2021-12-09 21:54:21
1216,IMG_9670,306.33,0.0226,41,2021-12-09 21:54:24
1217,IMG_9671,300.31,0.0227,40,2021-12-09 21:54:27
1218,IMG_9673,301.23,0.0226,40,2021-12-09 21:54:30
1219,IMG_9674,305.20,0.0227,41,2021-12-09 21:54:33
1220,IMG_9675,314.19,0.0226,42,2021-12-09 21:54:36
1221,IMG_9676,313.87,0.0226,42,2021-12-09 21:54:39
1222,IMG_9677,324.81,0.0226,43,2021-12-09 21:54:42
1223,IMG_9678,284.48,0.0226,38,2021-12-09 21:54:45
1224,IMG_9679,314.16,0.0226,42,2021-12-09 21:54:48
1225,IMG_9680,286.72,0.0226,38,2021-12-09 21:54:51
1226,IMG_9682,299.09,0.0226,40,2021-12-09 21:54:57
1227,IMG_9683,304.94,0.0226,41,2021-12-09 21:55:00
1228,IMG_9684,274.16,0.0226,37,2021-12-09 21:55:03
1229,IMG_9685,291.71,0.0226,39,2021-12-09 21:55:06
1230,IMG_9686,315.15,0.0226,42,2021-12-09 21:55:09
1231,IMG_9687,311.15,0.0226,41,2021-12-09 21:55:12
1232,IMG_9688,286.92,0.0226,38,2021-12-09 21:55:15
1233,IMG_9689,298.22,0.0226,40,2021-12-09 21:55:18
1234,IMG_9691,311.49,0.0226,41,2021-12-09 21:55:24
1235,IMG_9692,263.33,0.0226,35,2021-12-09 21:55:27
1236,IMG_9693,297.41,0.0226,40,2021-12-09 21:55:30
1237,IMG_9694,290.24,0.0226,39,2021-12-09 21:55:33
1238,IMG_9695,272.85,0.0226,36,2021-12-09 21:55:36
1239,IMG_9696,294.10,0.0226,39,2021-12-09 21:55:39
1240,IMG_9697,306.95,0.0226,41,2021-12-09 21:55:42
1241,IMG_9698,296.76,0.0226,39,2021-12-09 21:55:45
1242,IMG_9700,298.22,0.0226,40,2021-12-09 21:55:51
1243,IMG_9701,309.46,0.0226,41,2021-12-09 21:55:54
1244,IMG_9702,300.95,0.0226,40,2021-12-09 21:55:57
1245,IMG_9703,317.26,0.0225,42,2021-12-09 21:56:00
1246,IMG_9704,316.15,0.0225,42,2021-12-09 21:56:03
1247,IMG_9705,291.50,0.0225,39,2021-12-09 21:56:06
1248,IMG_9707,306.22,0.0225,41,2021-12-09 21:56:12
1249,IMG_9708,312.72,0.0225,42,2021-12-09 21:56:15
1250,IMG_9709,303.82,0.0225,40,2021-12-09 21:56:18
1251,IMG_9710,291.11,0.0225,39,2021-12-09 21:56:21
1252,IMG_9711,312.70,0.0225,42,2021-12-09 21:56:24
1253,IMG_9712,290.84,0.0225,39,2021-12-09 21:56:27
1254,IMG_9713,304.30,0.0225,41,2021-12-09 21:56:30
1255,IMG_9714,307.24,0.0225,42,2021-12-09 21:56:33
1256,IMG_9566,300.91,0.0210,40,2021-12-09 21:44:58
1257,IMG_9575,325.67,0.0210,44,2021-12-09 21:45:25
1258,IMG_9584,284.49,0.0211,38,2021-12-09 21:45:52
1259,IMG_9593,318.84,0.0211,43,2021-12-09 21:46:19
1260,IMG_9600,310.41,0.0211,42,2021-12-09 21:46:40
1261,IMG_9609,304.11,0.0220,40,2021-12-09 21:50:03
1262,IMG_9618,289.49,0.0221,39,2021-12-09 21:50:30
1263,IMG_9627,300.32,0.0221,40,2021-12-09 21:50:57
1264,IMG_9636,310.08,0.0221,42,2021-12-09 21:51:24
1265,IMG_9645,266.91,0.0221,36,2021-12-09 21:51:51
1266,IMG_9654,304.18,0.0222,41,2021-12-09 21:52:18
1267,IMG_9663,307.04,0.0221,41,2021-12-09 21:52:45
1268,IMG_9672,274.87,0.0226,37,2021-12-09 21:54:28
1269,IMG_9681,279.87,0.0226,37,2021-12-09 21:54:54
1270,IMG_9690,284.69,0.0225,38,2021-12-09 21:55:21
1271,IMG_9699,297.37,0.0226,40,2021-12-09 21:55:48
1272,IMG_9716,297.12,0.0226,40,2021-12-09 21:56:39
1273,IMG_9717,319.33,0.0226,42,2021-12-09 21:56:42
1274,IMG_9718,345.61,0.0226,46,2021-12-09 21:56:45
1275,IMG_9719,313.01,0.0226,42,2021-12-09 21:56:48
1276,IMG_9720,326.69,0.0226,43,2021-12-09 21:56:51
1277,IMG_9721,305.49,0.0226,41,2021-12-09 21:56:54
1278,IMG_9722,291.82,0.0226,39,2021-12-09 21:56:57
1279,IMG_9723,301.08,0.0226,40,2021-12-09 21:57:00
1280,IMG_9725,303.06,0.0225,40,2021-12-09 21:57:06
1281,IMG_9726,304.74,0.0225,41,2021-12-09 21:57:09
1282,IMG_9727,298.60,0.0226,40,2021-12-09 21:57:12
1283,IMG_9728,295.71,0.0226,40,2021-12-09 21:57:15
1284,IMG_9729,294.25,0.0231,40,2021-12-09 22:01:30
1285,IMG_9730,284.19,0.0231,38,2021-12-09 22:01:33
1286,IMG_9731,290.80,0.0231,40,2021-12-09 22:01:36
1287,IMG_9732,280.00,0.0231,37,2021-12-09 22:01:39
1288,IMG_9734,337.89,0.0230,45,2021-12-09 22:01:45
1289,IMG_9735,306.75,0.0230,41,2021-12-09 22:01:48
1290,IMG_9736,276.97,0.0230,37,2021-12-09 22:01:51
1291,IMG_9737,289.73,0.0230,38,2021-12-09 22:01:54
1292,IMG_9738,283.53,0.0230,38,2021-12-09 22:01:57
1293,IMG_9739,299.74,0.0230,40,2021-12-09 22:02:00
1294,IMG_9740,303.80,0.0230,41,2021-12-09 22:02:03
1295,IMG_9741,284.97,0.0230,38,2021-12-09 22:02:06
1296,IMG_9743,271.99,0.0230,36,2021-12-09 22:02:12
1297,IMG_9744,258.75,0.0230,34,2021-12-09 22:02:15
1298,IMG_9745,274.25,0.0230,37,2021-12-09 22:02:18
1299,IMG_9746,290.15,0.0230,39,2021-12-09 22:02:21
1300,IMG_9747,293.49,0.0230,39,2021-12-09 22:02:24
1301,IMG_9748,280.95,0.0230,38,2021-12-09 22:02:27
1302,IMG_9749,286.77,0.0230,38,2021-12-09 22:02:30
1303,IMG_9750,275.32,0.0229,37,2021-12-09 22:02:33
1304,IMG_9752,276.22,0.0229,37,2021-12-09 22:02:39
1305,IMG_9753,289.55,0.0229,39,2021-12-09 22:02:42
1306,IMG_9754,316.18,0.0230,42,2021-12-09 22:02:45
1307,IMG_9755,309.80,0.0229,41,2021-12-09 22:02:48
1308,IMG_9756,297.77,0.0229,40,2021-12-09 22:02:51
1309,IMG_9757,298.40,0.0230,40,2021-12-09 22:02:54
1310,IMG_9758,337.62,0.0230,45,2021-12-09 22:02:57
1311,IMG_9759,309.66,0.0229,41,2021-12-09 22:03:00
1312,IMG_9761,306.58,0.0229,41,2021-12-09 22:03:06
1313,IMG_9762,305.56,0.0229,41,2021-12-09 22:03:09
1314,IMG_9763,288.98,0.0229,39,2021-12-09 22:03:12
1315,IMG_9764,293.06,0.0229,39,2021-12-09 22:03:15
1316,IMG_9765,292.09,0.0229,39,2021-12-09 22:03:18
1317,IMG_9766,288.11,0.0230,38,2021-12-09 22:03:21
1318,IMG_9767,312.33,0.0229,42,2021-12-09 22:03:24
1319,IMG_9768,274.42,0.0229,37,2021-12-09 22:03:27
1320,IMG_9770,291.79,0.0229,39,2021-12-09 22:03:33
1321,IMG_9771,305.48,0.0228,41,2021-12-09 22:03:36
1322,IMG_9772,313.95,0.0228,42,2021-12-09 22:03:39
1323,IMG_9773,293.79,0.0228,40,2021-12-09 22:03:42
1324,IMG_9774,274.12,0.0228,37,2021-12-09 22:03:45
1325,IMG_9775,344.57,0.0229,46,2021-12-09 22:03:48
1326,IMG_9776,297.05,0.0229,40,2021-12-09 22:03:51
1327,IMG_9777,329.41,0.0229,44,2021-12-09 22:03:54
1328,IMG_9779,307.76,0.0228,41,2021-12-09 22:04:00
1329,IMG_9780,288.37,0.0228,39,2021-12-09 22:04:03
1330,IMG_9781,297.64,0.0229,40,2021-12-09 22:04:06
1331,IMG_9782,320.97,0.0228,43,2021-12-09 22:04:09
1332,IMG_9783,317.34,0.0228,42,2021-12-09 22:04:12
1333,IMG_9784,288.93,0.0228,39,2021-12-09 22:04:15
1334,IMG_9785,293.06,0.0228,39,2021-12-09 22:04:18
1335,IMG_9786,309.74,0.0228,41,2021-12-09 22:04:21
1336,IMG_9788,293.20,0.0228,39,2021-12-09 22:04:27
1337,IMG_9789,315.94,0.0235,42,2021-12-09 22:05:14
1338,IMG_9790,279.99,0.0235,38,2021-12-09 22:05:19
1339,IMG_9791,267.71,0.0235,36,2021-12-09 22:05:22
1340,IMG_9792,263.37,0.0235,35,2021-12-09 22:05:25
1341,IMG_9793,295.48,0.0235,40,2021-12-09 22:05:28
1342,IMG_9794,294.60,0.0235,39,2021-12-09 22:05:31
1343,IMG_9795,326.82,0.0236,43,2021-12-09 22:05:34
1344,IMG_9797,261.80,0.0235,35,2021-12-09 22:05:40
1345,IMG_9798,281.69,0.0236,38,2021-12-09 22:05:43
1346,IMG_9799,300.58,0.0235,40,2021-12-09 22:05:46
1347,IMG_9800,286.90,0.0235,38,2021-12-09 22:05:49
1348,IMG_9801,300.37,0.0235,40,2021-12-09 22:05:52
1349,IMG_9802,296.50,0.0235,40,2021-12-09 22:05:55
1350,IMG_9804,320.52,0.0235,42,2021-12-09 22:06:01
1351,IMG_9805,291.21,0.0235,39,2021-12-09 22:06:04
1352,IMG_9806,267.79,0.0235,36,2021-12-09 22:06:07
1353,IMG_9807,313.91,0.0234,42,2021-12-09 22:06:10
1354,IMG_9808,270.20,0.0234,36,2021-12-09 22:06:13
1355,IMG_9809,297.37,0.0234,40,2021-12-09 22:06:16
1356,IMG_9810,278.03,0.0234,37,2021-12-09 22:06:19
1357,IMG_9811,274.98,0.0234,37,2021-12-09 22:06:22
1358,IMG_9813,274.03,0.0235,36,2021-12-09 22:06:28
1359,IMG_9814,263.31,0.0235,36,2021-12-09 22:06:31
1360,IMG_9815,261.52,0.0235,35,2021-12-09 22:06:34
1361,IMG_9816,275.81,0.0235,37,2021-12-09 22:06:37
1362,IMG_9817,301.08,0.0234,40,2021-12-09 22:06:40
1363,IMG_9818,287.96,0.0234,39,2021-12-09 22:06:43
1364,IMG_9819,310.90,0.0234,41,2021-12-09 22:06:46
1365,IMG_9820,268.63,0.0234,36,2021-12-09 22:06:49
1366,IMG_9822,259.27,0.0234,35,2021-12-09 22:06:55
1367,IMG_9823,257.76,0.0234,34,2021-12-09 22:06:58
1368,IMG_9824,306.40,0.0233,41,2021-12-09 22:07:01
1369,IMG_9825,277.66,0.0233,37,2021-12-09 22:07:04
1370,IMG_9826,317.17,0.0233,42,2021-12-09 22:07:07
1371,IMG_9827,304.72,0.0233,41,2021-12-09 22:07:10
1372,IMG_9828,302.35,0.0234,40,2021-12-09 22:07:13
1373,IMG_9829,323.27,0.0234,43,2021-12-09 22:07:16
1374,IMG_9831,289.75,0.0234,38,2021-12-09 22:07:22
1375,IMG_9832,282.46,0.0234,38,2021-12-09 22:07:25
1376,IMG_9833,262.68,0.0235,35,2021-12-09 22:07:28
1377,IMG_9834,278.87,0.0235,37,2021-12-09 22:07:31
1378,IMG_9835,285.18,0.0235,38,2021-12-09 22:07:34
1379,IMG_9836,289.44,0.0235,39,2021-12-09 22:07:37
1380,IMG_9837,300.15,0.0234,40,2021-12-09 22:07:40
1381,IMG_9838,295.12,0.0235,40,2021-12-09 22:07:43
1382,IMG_9840,281.65,0.0234,38,2021-12-09 22:07:49
1383,IMG_9841,306.92,0.0235,41,2021-12-09 22:07:52
1384,IMG_9842,322.07,0.0235,43,2021-12-09 22:07:55
1385,IMG_9843,314.63,0.0235,42,2021-12-09 22:07:58
1386,IMG_9844,270.11,0.0235,36,2021-12-09 22:08:01
1387,IMG_9845,291.53,0.0235,39,2021-12-09 22:08:04
1388,IMG_9846,288.10,0.0235,39,2021-12-09 22:08:07
1389,IMG_9847,252.03,0.0235,34,2021-12-09 22:08:10
1390,IMG_9849,303.84,0.0236,41,2021-12-09 22:08:16
1391,IMG_9850,232.97,0.0244,31,2021-12-09 22:09:08
1392,IMG_9851,282.39,0.0244,38,2021-12-09 22:09:11
1393,IMG_9852,274.57,0.0244,36,2021-12-09 22:09:14
1394,IMG_9853,280.02,0.0244,37,2021-12-09 22:09:17
1395,IMG_9854,252.88,0.0244,34,2021-12-09 22:09:20
1396,IMG_9855,262.30,0.0244,35,2021-12-09 22:09:23
1397,IMG_9856,257.23,0.0244,35,2021-12-09 22:09:26
1398,IMG_9858,265.05,0.0244,35,2021-12-09 22:09:32
1399,IMG_9859,268.90,0.0244,36,2021-12-09 22:09:35
1400,IMG_9860,235.84,0.0245,31,2021-12-09 22:09:38
1401,IMG_9861,269.22,0.0244,36,2021-12-09 22:09:41
1402,IMG_9862,282.27,0.0245,37,2021-12-09 22:09:44
1403,IMG_9863,283.99,0.0245,38,2021-12-09 22:09:47
1404,IMG_9864,263.24,0.0245,35,2021-12-09 22:09:50
1405,IMG_9865,260.66,0.0245,35,2021-12-09 22:09:53
1406,IMG_9715,322.07,0.0226,43,2021-12-09 21:56:36
1407,IMG_9724,301.18,0.0226,40,2021-12-09 21:57:03
1408,IMG_9733,293.86,0.0231,40,2021-12-09 22:01:42
1409,IMG_9742,275.23,0.0230,37,2021-12-09 22:02:09
1410,IMG_9751,283.77,0.0229,38,2021-12-09 22:02:36
1411,IMG_9760,290.74,0.0230,39,2021-12-09 22:03:03
1412,IMG_9769,305.76,0.0229,41,2021-12-09 22:03:30
1413,IMG_9778,311.12,0.0229,42,2021-12-09 22:03:57
1414,IMG_9787,316.95,0.0228,43,2021-12-09 22:04:24
1415,IMG_9796,300.14,0.0235,40,2021-12-09 22:05:37
1416,IMG_9803,299.42,0.0235,40,2021-12-09 22:05:58
1417,IMG_9812,280.87,0.0235,38,2021-12-09 22:06:25
1418,IMG_9821,263.16,0.0234,35,2021-12-09 22:06:52
1419,IMG_9830,295.50,0.0234,39,2021-12-09 22:07:19
1420,IMG_9839,284.63,0.0235,38,2021-12-09 22:07:46
1421,IMG_9848,264.23,0.0235,35,2021-12-09 22:08:13
1422,IMG_9857,274.23,0.0244,37,2021-12-09 22:09:29
1423,IMG_9866,256.27,0.0245,34,2021-12-09 22:09:56
1424,IMG_9875,266.28,0.0245,36,2021-12-09 22:10:23
1425,IMG_9884,291.46,0.0245,39,2021-12-09 22:10:50
1426,IMG_9893,283.68,0.0245,38,2021-12-09 22:11:17
1427,IMG_9900,281.23,0.0245,38,2021-12-09 22:11:38
1428,IMG_9909,283.75,0.0245,38,2021-12-09 22:12:05
1429,IMG_9918,280.99,0.0252,38,2021-12-09 22:13:52
1430,IMG_9927,272.42,0.0250,36,2021-12-09 22:14:19
1431,IMG_9936,271.05,0.0250,37,2021-12-09 22:14:46
1432,IMG_9945,272.31,0.0250,36,2021-12-09 22:15:13
1433,IMG_9954,275.60,0.0250,37,2021-12-09 22:15:40
1434,IMG_9963,225.14,0.0262,30,2021-12-09 22:19:03
1435,IMG_9972,243.25,0.0261,33,2021-12-09 22:19:30
1436,IMG_9981,244.70,0.0261,32,2021-12-09 22:19:57
1437,IMG_9990,253.66,0.0260,34,2021-12-09 22:20:24
1438,IMG_9867,246.56,0.0245,33,2021-12-09 22:09:59
1439,IMG_9868,276.36,0.0245,37,2021-12-09 22:10:02
1440,IMG_9869,269.42,0.0245,36,2021-12-09 22:10:05
1441,IMG_9870,246.00,0.0245,33,2021-12-09 22:10:08
1442,IMG_9871,271.21,0.0245,36,2021-12-09 22:10:11
1443,IMG_9872,262.10,0.0245,35,2021-12-09 22:10:14
1444,IMG_9873,285.65,0.0245,38,2021-12-09 22:10:17
1445,IMG_9874,260.44,0.0245,35,2021-12-09 22:10:20
1446,IMG_9876,291.80,0.0245,39,2021-12-09 22:10:26
1447,IMG_9877,265.44,0.0245,35,2021-12-09 22:10:29
1448,IMG_9878,293.26,0.0245,39,2021-12-09 22:10:32
1449,IMG_9879,254.95,0.0245,34,2021-12-09 22:10:35
1450,IMG_9880,275.37,0.0245,37,2021-12-09 22:10:38
1451,IMG_9881,246.96,0.0245,33,2021-12-09 22:10:41
1452,IMG_9882,285.94,0.0245,38,2021-12-09 22:10:44
1453,IMG_9883,270.62,0.0245,36,2021-12-09 22:10:47
1454,IMG_9885,295.51,0.0245,39,2021-12-09 22:10:53
1455,IMG_9886,297.51,0.0245,40,2021-12-09 22:10:56
1456,IMG_9887,302.15,0.0245,40,2021-12-09 22:10:59
1457,IMG_9888,303.96,0.0245,40,2021-12-09 22:11:02
1458,IMG_9889,295.78,0.0245,40,2021-12-09 22:11:05
1459,IMG_9890,276.99,0.0245,37,2021-12-09 22:11:08
1460,IMG_9891,265.31,0.0245,36,2021-12-09 22:11:11
1461,IMG_9892,282.75,0.0245,38,2021-12-09 22:11:14
1462,IMG_9894,299.11,0.0245,40,2021-12-09 22:11:20
1463,IMG_9895,295.72,0.0245,40,2021-12-09 22:11:23
1464,IMG_9896,286.15,0.0245,38,2021-12-09 22:11:26
1465,IMG_9897,268.67,0.0245,36,2021-12-09 22:11:29
1466,IMG_9898,277.70,0.0245,37,2021-12-09 22:11:32
1467,IMG_9899,271.24,0.0244,36,2021-12-09 22:11:35
1468,IMG_9901,286.50,0.0245,38,2021-12-09 22:11:41
1469,IMG_9902,276.45,0.0244,37,2021-12-09 22:11:44
1470,IMG_9903,257.99,0.0245,34,2021-12-09 22:11:47
1471,IMG_9904,274.30,0.0245,37,2021-12-09 22:11:50
1472,IMG_9905,275.64,0.0245,37,2021-12-09 22:11:53
1473,IMG_9906,285.09,0.0245,38,2021-12-09 22:11:56
1474,IMG_9907,301.51,0.0245,40,2021-12-09 22:11:59
1475,IMG_9908,270.40,0.0245,36,2021-12-09 22:12:02
1476,IMG_9910,261.66,0.0250,35,2021-12-09 22:13:27
1477,IMG_9911,271.77,0.0251,37,2021-12-09 22:13:30
1478,IMG_9912,237.38,0.0251,32,2021-12-09 22:13:34
1479,IMG_9913,278.86,0.0251,37,2021-12-09 22:13:37
1480,IMG_9914,297.51,0.0251,40,2021-12-09 22:13:40
1481,IMG_9915,258.39,0.0252,35,2021-12-09 22:13:43
1482,IMG_9916,280.61,0.0252,38,2021-12-09 22:13:46
1483,IMG_9917,280.18,0.0252,37,2021-12-09 22:13:49
1484,IMG_9919,267.56,0.0252,36,2021-12-09 22:13:55
1485,IMG_9920,276.76,0.0252,37,2021-12-09 22:13:58
1486,IMG_9921,282.69,0.0251,38,2021-12-09 22:14:01
1487,IMG_9922,283.47,0.0251,38,2021-12-09 22:14:04
1488,IMG_9923,252.79,0.0251,34,2021-12-09 22:14:07
1489,IMG_9924,261.05,0.0251,35,2021-12-09 22:14:10
1490,IMG_9925,290.41,0.0251,39,2021-12-09 22:14:13
1491,IMG_9926,260.82,0.0250,35,2021-12-09 22:14:16
1492,IMG_9928,267.63,0.0251,36,2021-12-09 22:14:22
1493,IMG_9929,273.20,0.0251,36,2021-12-09 22:14:25
1494,IMG_9930,291.93,0.0251,39,2021-12-09 22:14:28
1495,IMG_9931,251.82,0.0251,33,2021-12-09 22:14:31
1496,IMG_9932,286.62,0.0250,38,2021-12-09 22:14:34
1497,IMG_9933,250.84,0.0250,33,2021-12-09 22:14:37
1498,IMG_9934,264.63,0.0250,35,2021-12-09 22:14:40
1499,IMG_9935,271.58,0.0250,36,2021-12-09 22:14:43
1500,IMG_9937,261.26,0.0250,35,2021-12-09 22:14:49
1501,IMG_9938,306.24,0.0249,42,2021-12-09 22:14:52
1502,IMG_9939,291.40,0.0250,39,2021-12-09 22:14:55
1503,IMG_9940,272.80,0.0250,36,2021-12-09 22:14:58
1504,IMG_9941,278.85,0.0250,37,2021-12-09 22:15:01
1505,IMG_9942,284.35,0.0250,38,2021-12-09 22:15:04
1506,IMG_9943,261.21,0.0250,35,2021-12-09 22:15:07
1507,IMG_9944,297.16,0.0250,40,2021-12-09 22:15:10
1508,IMG_9946,277.83,0.0250,37,2021-12-09 22:15:16
1509,IMG_9947,291.82,0.0250,39,2021-12-09 22:15:19
1510,IMG_9948,277.48,0.0250,37,2021-12-09 22:15:22
1511,IMG_9949,286.45,0.0250,38,2021-12-09 22:15:25
1512,IMG_9950,277.56,0.0250,37,2021-12-09 22:15:28
1513,IMG_9951,287.14,0.0250,39,2021-12-09 22:15:31
1514,IMG_9952,277.11,0.0250,37,2021-12-09 22:15:34
1515,IMG_9953,272.50,0.0250,37,2021-12-09 22:15:37
1516,IMG_9955,263.55,0.0250,35,2021-12-09 22:15:43
1517,IMG_9956,273.23,0.0250,37,2021-12-09 22:15:46
1518,IMG_9957,258.89,0.0250,35,2021-12-09 22:15:49
1519,IMG_9958,267.50,0.0248,36,2021-12-09 22:16:40
1520,IMG_9959,283.84,0.0262,38,2021-12-09 22:17:36
1521,IMG_9960,235.32,0.0262,31,2021-12-09 22:18:54
1522,IMG_9961,242.62,0.0262,32,2021-12-09 22:18:57
1523,IMG_9962,260.79,0.0262,35,2021-12-09 22:19:00
1524,IMG_9964,246.46,0.0262,33,2021-12-09 22:19:06
1525,IMG_9965,236.70,0.0263,31,2021-12-09 22:19:09
1526,IMG_9966,243.26,0.0263,32,2021-12-09 22:19:12
1527,IMG_9967,240.47,0.0262,32,2021-12-09 22:19:15
1528,IMG_9968,254.54,0.0262,34,2021-12-09 22:19:18
1529,IMG_9969,224.51,0.0262,31,2021-12-09 22:19:21
1530,IMG_9970,226.13,0.0262,30,2021-12-09 22:19:24
1531,IMG_9971,228.54,0.0262,31,2021-12-09 22:19:27
1532,IMG_9973,225.17,0.0261,30,2021-12-09 22:19:33
1533,IMG_9974,228.72,0.0261,30,2021-12-09 22:19:36
1534,IMG_9975,236.61,0.0261,32,2021-12-09 22:19:39
1535,IMG_9976,232.85,0.0261,31,2021-12-09 22:19:42
1536,IMG_9977,237.50,0.0261,32,2021-12-09 22:19:45
1537,IMG_9978,240.60,0.0261,32,2021-12-09 22:19:48
1538,IMG_9979,221.54,0.0260,30,2021-12-09 22:19:51
1539,IMG_9980,244.33,0.0260,32,2021-12-09 22:19:54
1540,IMG_9982,229.60,0.0260,31,2021-12-09 22:20:00
1541,IMG_9983,240.77,0.0260,32,2021-12-09 22:20:03
1542,IMG_9984,239.22,0.0260,32,2021-12-09 22:20:06
1543,IMG_9985,217.74,0.0260,29,2021-12-09 22:20:09
1544,IMG_9986,231.89,0.0260,31,2021-12-09 22:20:12
1545,IMG_9987,228.00,0.0260,30,2021-12-09 22:20:15
1546,IMG_9988,234.16,0.0260,31,2021-12-09 22:20:18
1547,IMG_9989,262.28,0.0260,35,2021-12-09 22:20:21
1548,IMG_9991,248.09,0.0260,34,2021-12-09 22:20:27
1549,IMG_9992,236.76,0.0259,32,2021-12-09 22:20:30
1550,IMG_9993,247.93,0.0259,33,2021-12-09 22:20:33
1551,IMG_9994,225.84,0.0259,30,2021-12-09 22:20:36
1552,IMG_9995,256.21,0.0259,34,2021-12-09 22:20:39
1553,IMG_9996,266.67,0.0258,36,2021-12-09 22:20:42
1554,IMG_9997,256.73,0.0259,34,2021-12-09 22:20:45
1555,IMG_9998,254.84,0.0259,34,2021-12-09 22:20:48
1556,IMG_9999,243.92,0.0258,32,2021-12-09 22:20:51
